TIME,Ux,Uy
-5.000e-02,-0.867188,1.19844
-4.997e-02,-1.25781,1.18437
-4.994e-02,-2.01563,1.17047
-4.990e-02,-2.91406,1.15094
-4.987e-02,-3.42969,1.14219
-4.984e-02,-4.76563,1.12594
-4.981e-02,-5.05469,1.11609
-4.978e-02,-5.69531,1.10422
-4.974e-02,-6.82031,1.08594
-4.971e-02,-7.17969,1.06859
-4.968e-02,-8.0625,1.05078
-4.965e-02,-8.9375,1.03937
-4.962e-02,-9.28125,1.01937
-4.958e-02,-10.2891,1.00547
-4.955e-02,-10.9375,0.995469
-4.952e-02,-11.2969,0.967813
-4.949e-02,-12.2188,0.95875
-4.946e-02,-12.9375,0.945937
-4.942e-02,-13.1406,0.926094
-4.939e-02,-14.0859,0.911094
-4.936e-02,-14.9219,0.891719
-4.933e-02,-15.0547,0.877969
-4.930e-02,-15.8281,0.862969
-4.926e-02,-16.6719,0.842812
-4.923e-02,-16.9375,0.825781
-4.920e-02,-17.1406,0.810937
-4.917e-02,-18.2031,0.796406
-4.914e-02,-18.9063,0.782813
-4.910e-02,-19.1016,0.762188
-4.907e-02,-19.2031,0.746875
-4.904e-02,-19.7188,0.727969
-4.901e-02,-20.1797,0.714375
-4.898e-02,-20.7031,0.696719
-4.894e-02,-21.0547,0.674531
-4.891e-02,-21.5313,0.658438
-4.888e-02,-21.7188,0.635625
-4.885e-02,-22.5234,0.617344
-4.882e-02,-22.7656,0.603594
-4.878e-02,-23.0547,0.580937
-4.875e-02,-23.1484,0.556406
-4.872e-02,-23.5625,0.547188
-4.869e-02,-24.3984,0.525469
-4.866e-02,-24.8594,0.504531
-4.862e-02,-24.9375,0.493281
-4.859e-02,-25.0547,0.465469
-4.856e-02,-25.2891,0.447031
-4.853e-02,-26,0.43125
-4.850e-02,-26.5859,0.407344
-4.846e-02,-26.7422,0.394062
-4.843e-02,-26.9766,0.369844
-4.840e-02,-27.1484,0.35125
-4.837e-02,-27.2578,0.328437
-4.834e-02,-27.5703,0.303594
-4.830e-02,-28.0859,0.283594
-4.827e-02,-28.7031,0.26125
-4.824e-02,-28.875,0.234531
-4.821e-02,-28.8203,0.213594
-4.818e-02,-28.9375,0.19125
-4.814e-02,-29.0547,0.170156
-4.811e-02,-29.2266,0.139844
-4.808e-02,-29.5,0.114375
-4.805e-02,-29.8516,0.0957812
-4.802e-02,-30.3516,0.071875
-4.798e-02,-30.4531,0.0459375
-4.795e-02,-30.75,0.0175
-4.792e-02,-30.9063,-0.00109375
-4.789e-02,-30.9375,-0.0264062
-4.786e-02,-31.0547,-0.0542188
-4.782e-02,-31.0625,-0.078125
-4.779e-02,-31.1641,-0.103594
-4.776e-02,-31.2656,-0.124219
-4.773e-02,-31.6719,-0.150469
-4.770e-02,-31.7891,-0.169687
-4.766e-02,-32.125,-0.191562
-4.763e-02,-32.5859,-0.218125
-4.760e-02,-32.9375,-0.240156
-4.757e-02,-32.8906,-0.264219
-4.754e-02,-33.0547,-0.286719
-4.750e-02,-33.5703,-0.304531
-4.747e-02,-34.5859,-0.328906
-4.744e-02,-34.1875,-0.3475
-4.741e-02,-34.8516,-0.376406
-4.738e-02,-34.9141,-0.396562
-4.734e-02,-34.9375,-0.419531
-4.731e-02,-35.0547,-0.449844
-4.728e-02,-35.3438,-0.472813
-4.725e-02,-35.875,-0.490312
-4.722e-02,-36.4531,-0.52125
-4.718e-02,-36.5781,-0.55125
-4.715e-02,-36.9375,-0.570625
-4.712e-02,-36.9375,-0.600938
-4.709e-02,-37.2969,-0.621094
-4.706e-02,-37.5625,-0.645938
-4.702e-02,-37.8281,-0.674063
-4.699e-02,-38.2422,-0.702969
-4.696e-02,-38.9375,-0.721094
-4.693e-02,-38.9375,-0.747031
-4.690e-02,-39.1719,-0.762188
-4.686e-02,-39.3594,-0.789531
-4.683e-02,-39.8359,-0.818281
-4.680e-02,-40.3594,-0.846875
-4.677e-02,-40.9063,-0.869531
-4.674e-02,-41.1719,-0.890625
-4.670e-02,-41.4063,-0.912188
-4.667e-02,-42.2188,-0.939063
-4.664e-02,-42.7422,-0.9625
-4.661e-02,-43.0859,-0.982031
-4.658e-02,-43.2188,-1.01438
-4.654e-02,-43.6172,-1.03172
-4.651e-02,-44.3047,-1.05469
-4.648e-02,-44.6953,-1.08359
-4.645e-02,-44.9375,-1.10625
-4.642e-02,-45.2891,-1.12531
-4.638e-02,-45.7344,-1.15063
-4.635e-02,-46.2813,-1.17109
-4.632e-02,-46.7188,-1.19813
-4.629e-02,-47.0313,-1.22047
-4.626e-02,-47.5547,-1.24297
-4.622e-02,-48.5859,-1.26047
-4.619e-02,-48.9375,-1.27641
-4.616e-02,-49.1016,-1.3025
-4.613e-02,-49.9453,-1.32469
-4.610e-02,-50.3594,-1.34406
-4.606e-02,-50.9375,-1.36359
-4.603e-02,-51.1563,-1.38547
-4.600e-02,-52.2578,-1.40594
-4.597e-02,-52.7344,-1.43031
-4.594e-02,-52.9375,-1.44828
-4.590e-02,-53.1328,-1.47313
-4.587e-02,-54.3281,-1.48828
-4.584e-02,-54.8984,-1.50375
-4.581e-02,-55.3203,-1.52281
-4.578e-02,-56.4063,-1.53594
-4.574e-02,-57.0547,-1.55844
-4.571e-02,-57.1953,-1.57422
-4.568e-02,-58.6953,-1.59781
-4.565e-02,-59.1406,-1.61391
-4.562e-02,-59.8594,-1.63375
-4.558e-02,-60.9219,-1.65172
-4.555e-02,-61.7266,-1.67422
-4.552e-02,-62.9141,-1.69641
-4.549e-02,-63.1016,-1.71359
-4.546e-02,-64.6563,-1.72328
-4.542e-02,-65.4453,-1.74594
-4.539e-02,-66.7344,-1.76109
-4.536e-02,-67.2344,-1.77484
-4.533e-02,-68.5781,-1.79703
-4.530e-02,-69.3672,-1.81062
-4.526e-02,-70.7813,-1.83313
-4.523e-02,-71.9141,-1.84266
-4.520e-02,-73.0547,-1.85656
-4.517e-02,-74.25,-1.87656
-4.514e-02,-75.5078,-1.88875
-4.510e-02,-76.7188,-1.90109
-4.507e-02,-77.8438,-1.91875
-4.504e-02,-79.2266,-1.92625
-4.501e-02,-80.5391,-1.94125
-4.498e-02,-81.8281,-1.95297
-4.494e-02,-83.1719,-1.97281
-4.491e-02,-84.8438,-1.98656
-4.488e-02,-86.0391,-1.99766
-4.485e-02,-87.0547,-2.00766
-4.482e-02,-88.9375,-2.01281
-4.478e-02,-90.25,-2.02906
-4.475e-02,-91.8828,-2.03875
-4.472e-02,-93.3516,-2.04266
-4.469e-02,-94.4063,-2.05422
-4.466e-02,-96.0547,-2.06937
-4.462e-02,-97.2266,-2.07672
-4.459e-02,-98.7734,-2.08328
-4.456e-02,-100.414,-2.09375
-4.453e-02,-101.227,-2.10234
-4.450e-02,-102.938,-2.10781
-4.446e-02,-103.703,-2.11656
-4.443e-02,-104.82,-2.12062
-4.440e-02,-105.406,-2.12547
-4.437e-02,-106.031,-2.12969
-4.434e-02,-106.938,-2.13203
-4.430e-02,-107.617,-2.13
-4.427e-02,-108.586,-2.13828
-4.424e-02,-109.055,-2.14594
-4.421e-02,-109.594,-2.14641
-4.418e-02,-110.242,-2.15516
-4.414e-02,-110.938,-2.15594
-4.411e-02,-110.859,-2.15266
-4.408e-02,-111.719,-2.15469
-4.405e-02,-111.836,-2.15313
-4.402e-02,-112.531,-2.15297
-4.398e-02,-112.914,-2.15234
-4.395e-02,-113.023,-2.15172
-4.392e-02,-112.938,-2.15563
-4.389e-02,-113.289,-2.155
-4.386e-02,-113.055,-2.14797
-4.382e-02,-113.336,-2.14859
-4.379e-02,-113.648,-2.15328
-4.376e-02,-113.547,-2.14312
-4.373e-02,-113.422,-2.13406
-4.370e-02,-113.305,-2.14734
-4.366e-02,-113.641,-2.14031
-4.363e-02,-113.188,-2.14078
-4.360e-02,-113.203,-2.13109
-4.357e-02,-113.078,-2.13328
-4.354e-02,-112.938,-2.12297
-4.350e-02,-112.938,-2.12719
-4.347e-02,-112.625,-2.12109
-4.344e-02,-112.43,-2.11875
-4.341e-02,-111.344,-2.11687
-4.338e-02,-110.938,-2.11406
-4.334e-02,-110.461,-2.11125
-4.331e-02,-109.523,-2.10906
-4.328e-02,-109.055,-2.09953
-4.325e-02,-108.273,-2.08953
-4.322e-02,-107.094,-2.08641
-4.318e-02,-106.609,-2.08547
-4.315e-02,-105.406,-2.08016
-4.312e-02,-104.813,-2.07906
-4.309e-02,-103.852,-2.07172
-4.306e-02,-102.727,-2.06891
-4.302e-02,-101.734,-2.05797
-4.299e-02,-101.055,-2.05656
-4.296e-02,-99.7813,-2.04578
-4.293e-02,-98.9375,-2.04531
-4.290e-02,-97.7109,-2.04109
-4.286e-02,-96.6875,-2.03766
-4.283e-02,-95.4219,-2.02891
-4.280e-02,-94.7266,-2.02469
-4.277e-02,-93.1641,-2.0175
-4.274e-02,-92.5156,-2.00703
-4.270e-02,-91.1719,-2.00109
-4.267e-02,-90.2266,-2.00109
-4.264e-02,-89.0938,-2.00078
-4.261e-02,-87.8281,-1.98953
-4.258e-02,-86.9844,-1.99031
-4.254e-02,-86.2031,-1.98141
-4.251e-02,-84.8125,-1.96844
-4.248e-02,-83.8125,-1.96125
-4.245e-02,-82.8125,-1.96094
-4.242e-02,-81.6563,-1.95516
-4.238e-02,-81.0469,-1.94531
-4.235e-02,-79.5391,-1.94219
-4.232e-02,-78.6953,-1.93359
-4.229e-02,-77.3906,-1.92797
-4.226e-02,-76.7578,-1.92266
-4.222e-02,-75.2891,-1.91391
-4.219e-02,-74.4609,-1.91063
-4.216e-02,-72.9297,-1.90234
-4.213e-02,-71.7578,-1.89172
-4.210e-02,-70.6172,-1.88203
-4.206e-02,-69.4922,-1.87953
-4.203e-02,-68.1797,-1.87375
-4.200e-02,-67,-1.85891
-4.197e-02,-65.5313,-1.85203
-4.194e-02,-64.3672,-1.85109
-4.190e-02,-62.9609,-1.84328
-4.187e-02,-61.7656,-1.82688
-4.184e-02,-60.4375,-1.82047
-4.181e-02,-59.2656,-1.81266
-4.178e-02,-57.7031,-1.80109
-4.174e-02,-56.1016,-1.7975
-4.171e-02,-54.7969,-1.79391
-4.168e-02,-53.3594,-1.77828
-4.165e-02,-52.125,-1.76672
-4.162e-02,-50.7188,-1.75969
-4.158e-02,-49.5938,-1.74906
-4.155e-02,-48.1406,-1.73656
-4.152e-02,-46.1641,-1.72547
-4.149e-02,-45.2188,-1.71313
-4.146e-02,-43.8047,-1.71359
-4.142e-02,-42.7656,-1.70422
-4.139e-02,-41.6328,-1.68344
-4.136e-02,-39.9141,-1.67672
-4.133e-02,-38.9766,-1.6675
-4.130e-02,-37.6172,-1.65531
-4.126e-02,-36.4609,-1.64781
-4.123e-02,-35.6484,-1.63906
-4.120e-02,-34.3125,-1.63062
-4.117e-02,-33.1094,-1.61438
-4.114e-02,-31.6719,-1.60578
-4.110e-02,-31.0391,-1.60203
-4.107e-02,-29.9688,-1.58844
-4.104e-02,-28.8125,-1.58406
-4.101e-02,-27.875,-1.56891
-4.098e-02,-26.7891,-1.55688
-4.094e-02,-25.6328,-1.54812
-4.091e-02,-24.5,-1.53937
-4.088e-02,-23.6094,-1.52578
-4.085e-02,-22.375,-1.51766
-4.082e-02,-21.3906,-1.50484
-4.078e-02,-20.3516,-1.49281
-4.075e-02,-19.4922,-1.48828
-4.072e-02,-18.5391,-1.47687
-4.069e-02,-17.2891,-1.46766
-4.066e-02,-16.1563,-1.44969
-4.062e-02,-15.2188,-1.44063
-4.059e-02,-14.1406,-1.43266
-4.056e-02,-13.1641,-1.42781
-4.053e-02,-12.5781,-1.40391
-4.050e-02,-11.2891,-1.39609
-4.046e-02,-10.4531,-1.38219
-4.043e-02,-9.60938,-1.37203
-4.040e-02,-8.89063,-1.36297
-4.037e-02,-7.71875,-1.35406
-4.034e-02,-6.8125,-1.34094
-4.030e-02,-6.36719,-1.32625
-4.027e-02,-5.13281,-1.31547
-4.024e-02,-4.49219,-1.30672
-4.021e-02,-3.5625,-1.29094
-4.018e-02,-2.9375,-1.27734
-4.014e-02,-1.96875,-1.26297
-4.011e-02,-1.16406,-1.25203
-4.008e-02,-0.6875,-1.24109
-4.005e-02,0.617187,-1.23
-4.002e-02,0.945312,-1.21687
-3.998e-02,1.50781,-1.20484
-3.995e-02,2.72656,-1.18203
-3.992e-02,3.17187,-1.17156
-3.989e-02,3.8125,-1.15734
-3.986e-02,5.0625,-1.14766
-3.982e-02,5.22656,-1.13219
-3.979e-02,6.47656,-1.11875
-3.976e-02,6.94531,-1.10219
-3.973e-02,7.14844,-1.08547
-3.970e-02,8.29687,-1.07125
-3.966e-02,8.82031,-1.0575
-3.963e-02,9.46875,-1.03687
-3.960e-02,10.4609,-1.02453
-3.957e-02,11.0625,-1.01
-3.954e-02,11.3828,-0.989844
-3.950e-02,12.3203,-0.975781
-3.947e-02,13.0625,-0.960469
-3.944e-02,13.6406,-0.944531
-3.941e-02,14.625,-0.9325
-3.938e-02,15.0703,-0.907344
-3.934e-02,15.1719,-0.886719
-3.931e-02,15.8906,-0.879531
-3.928e-02,16.5312,-0.86875
-3.925e-02,17.1016,-0.837031
-3.922e-02,17.6094,-0.827031
-3.918e-02,18.3516,-0.808125
-3.915e-02,19.0625,-0.79875
-3.912e-02,19.3984,-0.773594
-3.909e-02,20.2578,-0.75375
-3.906e-02,20.5469,-0.743125
-3.902e-02,20.8281,-0.7275
-3.899e-02,21.1875,-0.710781
-3.896e-02,21.7969,-0.690469
-3.893e-02,22.0469,-0.673438
-3.890e-02,22.875,-0.648594
-3.886e-02,22.9453,-0.638906
-3.883e-02,23.1172,-0.6175
-3.880e-02,23.9297,-0.59625
-3.877e-02,24.5156,-0.589531
-3.874e-02,24.8672,-0.560312
-3.870e-02,25.0625,-0.536719
-3.867e-02,25.0625,-0.522969
-3.864e-02,25.9844,-0.502031
-3.861e-02,26.4375,-0.489219
-3.858e-02,26.9453,-0.46375
-3.854e-02,26.9609,-0.442969
-3.851e-02,27.2578,-0.419063
-3.848e-02,27.5781,-0.401719
-3.845e-02,28.3203,-0.38
-3.842e-02,28.625,-0.358594
-3.838e-02,28.9453,-0.335625
-3.835e-02,29.0625,-0.317344
-3.832e-02,29.0625,-0.294219
-3.829e-02,29.3672,-0.278594
-3.826e-02,29.4687,-0.2575
-3.822e-02,30.3203,-0.236875
-3.819e-02,30.6641,-0.212188
-3.816e-02,30.7891,-0.192812
-3.813e-02,30.9453,-0.175781
-3.810e-02,30.9453,-0.143906
-3.806e-02,31.0625,-0.122188
-3.803e-02,31.0625,-0.107188
-3.800e-02,31.0703,-0.0746875
-3.797e-02,31.5078,-0.0534375
-3.794e-02,31.5547,-0.0273438
-3.790e-02,32.1797,-0.0028125
-3.787e-02,32.1797,0.0248438
-3.784e-02,32.8359,0.0490625
-3.781e-02,32.875,0.0651562
-3.778e-02,32.9219,0.0960938
-3.774e-02,33.0625,0.121406
-3.771e-02,33.0625,0.140156
-3.768e-02,33.6094,0.16625
-3.765e-02,33.5703,0.195938
-3.762e-02,34.2266,0.216875
-3.758e-02,34.5859,0.241563
-3.755e-02,34.8594,0.263437
-3.752e-02,34.7187,0.293906
-3.749e-02,35,0.319844
-3.746e-02,35.0625,0.342656
-3.742e-02,35.3203,0.365625
-3.739e-02,35.6641,0.389688
-3.736e-02,36.0234,0.4025
-3.733e-02,36.7344,0.429531
-3.730e-02,36.8359,0.458437
-3.726e-02,36.9453,0.479375
-3.723e-02,37.0859,0.500938
-3.720e-02,37.1484,0.528438
-3.717e-02,37.7266,0.552656
-3.714e-02,38.4375,0.5825
-3.710e-02,38.4141,0.606406
-3.707e-02,38.9453,0.632969
-3.704e-02,38.9453,0.648906
-3.701e-02,39.0625,0.681562
-3.698e-02,39.2734,0.704375
-3.694e-02,39.6719,0.729063
-3.691e-02,40.0156,0.755313
-3.688e-02,40.6328,0.771875
-3.685e-02,40.9453,0.796563
-3.682e-02,41.1797,0.824844
-3.678e-02,41.4844,0.847031
-3.675e-02,42,0.870781
-3.672e-02,42.6484,0.892188
-3.669e-02,42.8828,0.918281
-3.666e-02,43.0625,0.948438
-3.662e-02,43.3984,0.958906
-3.659e-02,43.8516,0.989531
-3.656e-02,44.2187,1.01594
-3.653e-02,45.0312,1.03484
-3.650e-02,45.0625,1.06094
-3.646e-02,45.5937,1.08281
-3.643e-02,46.2109,1.10234
-3.640e-02,46.6953,1.12484
-3.637e-02,47.0625,1.15406
-3.634e-02,47.1641,1.17125
-3.630e-02,48.0625,1.19656
-3.627e-02,48.6875,1.21984
-3.624e-02,49.0781,1.24438
-3.621e-02,49.2578,1.27047
-3.618e-02,49.7969,1.28531
-3.614e-02,50.7422,1.31719
-3.611e-02,50.9453,1.32563
-3.608e-02,51.2969,1.35688
-3.605e-02,51.7734,1.37312
-3.602e-02,52.5937,1.39406
-3.598e-02,53.0703,1.41813
-3.595e-02,53.2969,1.43609
-3.592e-02,54.4297,1.46078
-3.589e-02,54.9531,1.47531
-3.586e-02,55.3281,1.49266
-3.582e-02,56.3984,1.51609
-3.579e-02,56.7891,1.53672
-3.576e-02,57.0625,1.55766
-3.573e-02,58.125,1.57406
-3.570e-02,58.9453,1.59547
-3.566e-02,59.1641,1.61
-3.563e-02,59.9609,1.6325
-3.560e-02,61.0703,1.64563
-3.557e-02,61.6172,1.66828
-3.554e-02,62.9453,1.68609
-3.550e-02,63.4297,1.71437
-3.547e-02,64.7578,1.72609
-3.544e-02,65.4453,1.74281
-3.541e-02,66.9453,1.76078
-3.538e-02,67.5391,1.77828
-3.534e-02,68.8359,1.79609
-3.531e-02,70.0312,1.8025
-3.528e-02,71.2109,1.82984
-3.525e-02,72.5937,1.84609
-3.522e-02,73.8906,1.85875
-3.518e-02,74.875,1.87719
-3.515e-02,76.0625,1.89
-3.512e-02,77.4609,1.90672
-3.509e-02,78.7422,1.92031
-3.506e-02,80.5469,1.93203
-3.502e-02,81.5234,1.94781
-3.499e-02,83.0703,1.96359
-3.496e-02,84.5703,1.97797
-3.493e-02,85.6328,1.98516
-3.490e-02,87.3984,2.00375
-3.486e-02,88.875,2.01578
-3.483e-02,90.0937,2.02844
-3.480e-02,91.1641,2.03891
-3.477e-02,92.8203,2.04547
-3.474e-02,93.8516,2.05688
-3.470e-02,95.0703,2.06719
-3.467e-02,96.8516,2.07891
-3.464e-02,97.8281,2.09047
-3.461e-02,99.1875,2.09969
-3.458e-02,100.625,2.11359
-3.454e-02,101.32,2.11609
-3.451e-02,102.945,2.12312
-3.448e-02,104.359,2.13453
-3.445e-02,105.148,2.14734
-3.442e-02,106.008,2.15047
-3.438e-02,106.945,2.15422
-3.435e-02,107.422,2.15266
-3.432e-02,108.742,2.15453
-3.429e-02,109.016,2.16063
-3.426e-02,109.789,2.16469
-3.422e-02,110.656,2.16625
-3.419e-02,111.195,2.16219
-3.416e-02,111.539,2.16469
-3.413e-02,112.703,2.16359
-3.410e-02,112.945,2.16734
-3.406e-02,113.094,2.17219
-3.403e-02,113.219,2.16984
-3.400e-02,113.57,2.16547
-3.397e-02,113.984,2.16859
-3.394e-02,114.133,2.1675
-3.390e-02,114.586,2.16734
-3.387e-02,114.727,2.16953
-3.384e-02,114.867,2.16547
-3.381e-02,114.945,2.16375
-3.378e-02,114.859,2.16469
-3.374e-02,115.062,2.16547
-3.371e-02,114.945,2.16328
-3.368e-02,114.945,2.16125
-3.365e-02,115.062,2.16312
-3.362e-02,114.828,2.15609
-3.358e-02,114.711,2.15891
-3.355e-02,114.477,2.15469
-3.352e-02,113.805,2.15375
-3.349e-02,113.672,2.14719
-3.346e-02,113.336,2.14688
-3.342e-02,112.945,2.14375
-3.339e-02,112.742,2.13156
-3.336e-02,112.227,2.13203
-3.333e-02,110.945,2.12766
-3.330e-02,110.617,2.12219
-3.326e-02,109.062,2.11891
-3.323e-02,108.562,2.11172
-3.320e-02,107.648,2.1125
-3.317e-02,106.922,2.10219
-3.314e-02,106.234,2.09859
-3.310e-02,105.219,2.08688
-3.307e-02,104.164,2.08609
-3.304e-02,103.156,2.08125
-3.301e-02,102,2.07891
-3.298e-02,101.062,2.07484
-3.294e-02,100.398,2.07016
-3.291e-02,98.9453,2.06156
-3.288e-02,98.5469,2.05406
-3.285e-02,97.1328,2.04281
-3.282e-02,96.1953,2.03766
-3.278e-02,95.0625,2.03375
-3.275e-02,94,2.03125
-3.272e-02,93.0859,2.02578
-3.269e-02,92.2266,2.01609
-3.266e-02,91.0625,2.00312
-3.262e-02,90.4453,2.00203
-3.259e-02,89.1641,1.99891
-3.256e-02,88.1016,1.99219
-3.253e-02,86.7734,1.99031
-3.250e-02,86.1953,1.9825
-3.246e-02,84.9453,1.97266
-3.243e-02,83.7891,1.96406
-3.240e-02,82.7891,1.95953
-3.237e-02,81.6406,1.95641
-3.234e-02,80.6406,1.95594
-3.230e-02,79.4687,1.93906
-3.227e-02,78.5547,1.92734
-3.224e-02,77.2969,1.92875
-3.221e-02,76.0156,1.91891
-3.218e-02,75.0625,1.91828
-3.214e-02,73.6484,1.91312
-3.211e-02,72.125,1.89969
-3.208e-02,71.0625,1.88938
-3.205e-02,69.4687,1.88062
-3.202e-02,67.9141,1.87688
-3.198e-02,66.9375,1.87016
-3.195e-02,65.4141,1.85641
-3.192e-02,63.7734,1.84594
-3.189e-02,62.8594,1.84125
-3.186e-02,61.1953,1.83547
-3.182e-02,59.8281,1.82438
-3.179e-02,58.7109,1.81234
-3.176e-02,57.5547,1.80937
-3.173e-02,55.9375,1.79719
-3.170e-02,54.7109,1.78391
-3.166e-02,53.2656,1.77453
-3.163e-02,51.8281,1.76578
-3.160e-02,50.6406,1.75109
-3.157e-02,49.4141,1.74516
-3.154e-02,47.9141,1.7375
-3.150e-02,46.5156,1.725
-3.147e-02,45.3437,1.71359
-3.144e-02,43.8047,1.70375
-3.141e-02,42.5859,1.7025
-3.138e-02,41.7344,1.68594
-3.134e-02,40.1719,1.67531
-3.131e-02,39.25,1.66938
-3.128e-02,38.2031,1.65594
-3.125e-02,37.2891,1.64703
-3.122e-02,35.8437,1.63891
-3.118e-02,34.9375,1.62203
-3.115e-02,33.6016,1.6225
-3.112e-02,32.4922,1.61156
-3.109e-02,31.5,1.59594
-3.106e-02,30.3828,1.58422
-3.102e-02,29.5,1.57297
-3.099e-02,28.1094,1.56375
-3.096e-02,27.3906,1.55953
-3.093e-02,25.9375,1.54453
-3.090e-02,24.7344,1.53063
-3.086e-02,23.7109,1.52125
-3.083e-02,22.6406,1.51594
-3.080e-02,21.6719,1.50094
-3.077e-02,20.25,1.48922
-3.074e-02,19.375,1.48063
-3.070e-02,18.2266,1.47562
-3.067e-02,17.0391,1.45437
-3.064e-02,15.8516,1.44703
-3.061e-02,15.0625,1.43266
-3.058e-02,14.4609,1.41594
-3.054e-02,13.2969,1.40656
-3.051e-02,12.1719,1.40125
-3.048e-02,11.25,1.39297
-3.045e-02,10.5781,1.37922
-3.042e-02,9.34375,1.36375
-3.038e-02,8.64062,1.34891
-3.035e-02,7.55469,1.34031
-3.032e-02,6.94531,1.32547
-3.029e-02,6.3125,1.31625
-3.026e-02,5.10937,1.29781
-3.022e-02,4.94531,1.29063
-3.019e-02,3.64062,1.28125
-3.016e-02,2.94531,1.27203
-3.013e-02,2.74219,1.25266
-3.010e-02,1.32812,1.24281
-3.006e-02,0.820312,1.225
-3.003e-02,-0.171875,1.20641
-3.000e-02,-0.929688,1.19656
-2.997e-02,-1.125,1.18359
-2.994e-02,-2.03125,1.16859
-2.990e-02,-2.9375,1.15797
-2.987e-02,-3.67969,1.13922
-2.984e-02,-4.82031,1.12453
-2.981e-02,-5.0625,1.10922
-2.978e-02,-5.96875,1.09344
-2.974e-02,-6.9375,1.07641
-2.971e-02,-7.17969,1.06766
-2.968e-02,-8.29688,1.05016
-2.965e-02,-8.9375,1.03469
-2.962e-02,-9.45313,1.02141
-2.958e-02,-10.5781,1.00141
-2.955e-02,-10.9375,0.986719
-2.952e-02,-11.3203,0.971562
-2.949e-02,-12.3516,0.955156
-2.946e-02,-12.9375,0.945937
-2.942e-02,-13.1641,0.923125
-2.939e-02,-13.8828,0.910469
-2.936e-02,-14.7031,0.890313
-2.933e-02,-15.0859,0.874844
-2.930e-02,-15.8672,0.859688
-2.926e-02,-16.6797,0.843281
-2.923e-02,-16.9375,0.830781
-2.920e-02,-17.3984,0.811406
-2.917e-02,-18.3828,0.796719
-2.914e-02,-18.9375,0.771406
-2.910e-02,-19.0547,0.76125
-2.907e-02,-19.4844,0.7425
-2.904e-02,-19.9531,0.721562
-2.901e-02,-20.2969,0.70375
-2.898e-02,-20.9375,0.688906
-2.894e-02,-21.1641,0.6725
-2.891e-02,-21.2891,0.649219
-2.888e-02,-21.7344,0.634375
-2.885e-02,-22.5469,0.617812
-2.882e-02,-22.75,0.60125
-2.878e-02,-23.0547,0.576875
-2.875e-02,-23.3359,0.560781
-2.872e-02,-24.0078,0.540469
-2.869e-02,-24.5313,0.524062
-2.866e-02,-24.9375,0.502656
-2.862e-02,-24.9375,0.485625
-2.859e-02,-25.0547,0.459531
-2.856e-02,-25.5078,0.445312
-2.853e-02,-26.2578,0.42375
-2.850e-02,-26.7031,0.406562
-2.846e-02,-26.8984,0.389688
-2.843e-02,-26.9375,0.364531
-2.840e-02,-27.0547,0.345781
-2.837e-02,-27.2266,0.325937
-2.834e-02,-27.9375,0.307656
-2.830e-02,-28.125,0.276562
-2.827e-02,-28.5859,0.259531
-2.824e-02,-28.875,0.239063
-2.821e-02,-28.8281,0.207656
-2.818e-02,-28.9375,0.188594
-2.814e-02,-29.3672,0.164375
-2.811e-02,-29.2734,0.138281
-2.808e-02,-29.7578,0.114531
-2.805e-02,-30.0469,0.086875
-2.802e-02,-30.4453,0.0720313
-2.798e-02,-30.6094,0.0426562
-2.795e-02,-30.8359,0.0176563
-2.792e-02,-30.9375,-0.0046875
-2.789e-02,-30.9375,-0.0303125
-2.786e-02,-30.9141,-0.0548438
-2.782e-02,-31.1172,-0.085625
-2.779e-02,-31.1328,-0.108906
-2.776e-02,-31.3906,-0.124844
-2.773e-02,-31.5391,-0.146094
-2.770e-02,-31.9453,-0.180156
-2.766e-02,-32.3125,-0.201406
-2.763e-02,-32.7969,-0.22125
-2.760e-02,-32.8672,-0.246563
-2.757e-02,-33.1719,-0.269688
-2.754e-02,-33.2266,-0.289844
-2.750e-02,-33.7188,-0.314375
-2.747e-02,-34.0313,-0.3275
-2.744e-02,-34.6094,-0.3525
-2.741e-02,-34.9219,-0.376094
-2.738e-02,-34.9375,-0.400938
-2.734e-02,-34.9922,-0.431719
-2.731e-02,-35.0547,-0.445156
-2.728e-02,-35.4375,-0.479219
-2.725e-02,-36.3047,-0.505938
-2.722e-02,-36.4609,-0.52125
-2.718e-02,-36.8438,-0.551719
-2.715e-02,-36.9375,-0.577969
-2.712e-02,-37.0547,-0.603437
-2.709e-02,-37.1172,-0.62625
-2.706e-02,-37.3828,-0.651563
-2.702e-02,-37.9531,-0.680312
-2.699e-02,-38.6563,-0.70375
-2.696e-02,-38.8672,-0.728125
-2.693e-02,-38.9766,-0.752031
-2.690e-02,-39.1094,-0.775
-2.686e-02,-39.2266,-0.79875
-2.683e-02,-40.3828,-0.826094
-2.680e-02,-40.7969,-0.845781
-2.677e-02,-40.9609,-0.869219
-2.674e-02,-41,-0.882969
-2.670e-02,-41.4063,-0.912656
-2.667e-02,-42.3516,-0.940625
-2.664e-02,-42.7188,-0.9575
-2.661e-02,-42.9375,-0.9875
-2.658e-02,-43.1641,-1.01609
-2.654e-02,-43.4375,-1.03828
-2.651e-02,-44.3984,-1.05906
-2.648e-02,-44.9375,-1.08031
-2.645e-02,-44.9375,-1.10828
-2.642e-02,-45.2109,-1.12453
-2.638e-02,-45.6719,-1.15266
-2.635e-02,-46.5391,-1.17422
-2.632e-02,-46.8906,-1.19562
-2.629e-02,-47.3281,-1.22
-2.626e-02,-47.5547,-1.24063
-2.622e-02,-48.3516,-1.25953
-2.619e-02,-48.8672,-1.28922
-2.616e-02,-49.1172,-1.30922
-2.613e-02,-49.8125,-1.33125
-2.610e-02,-50.6094,-1.35359
-2.606e-02,-50.8672,-1.36625
-2.603e-02,-51.2656,-1.38906
-2.600e-02,-52.3203,-1.40625
-2.597e-02,-52.875,-1.43359
-2.594e-02,-53.1172,-1.45
-2.590e-02,-53.2422,-1.47313
-2.587e-02,-54.6094,-1.48703
-2.584e-02,-54.9375,-1.50344
-2.581e-02,-55.5391,-1.52484
-2.578e-02,-56.4063,-1.54328
-2.574e-02,-56.9297,-1.56109
-2.571e-02,-57.8594,-1.58094
-2.568e-02,-58.5859,-1.59656
-2.565e-02,-59.3359,-1.61625
-2.562e-02,-60.2656,-1.63641
-2.558e-02,-60.9766,-1.64984
-2.555e-02,-61.6484,-1.67594
-2.552e-02,-62.8672,-1.69516
-2.549e-02,-63.3984,-1.71562
-2.546e-02,-64.6797,-1.7275
-2.542e-02,-65.2578,-1.74266
-2.539e-02,-66.7109,-1.765
-2.536e-02,-67.4141,-1.77703
-2.533e-02,-68.8281,-1.79438
-2.530e-02,-69.7031,-1.81
-2.526e-02,-70.8906,-1.83219
-2.523e-02,-72.1563,-1.84234
-2.520e-02,-73.1563,-1.86297
-2.517e-02,-74.5859,-1.8725
-2.514e-02,-75.2891,-1.88844
-2.510e-02,-76.8438,-1.91109
-2.507e-02,-78.0625,-1.91813
-2.504e-02,-79.2891,-1.92609
-2.501e-02,-80.6563,-1.95266
-2.498e-02,-82.0703,-1.95875
-2.494e-02,-83.4766,-1.97406
-2.491e-02,-84.9375,-1.98531
-2.488e-02,-86.3281,-1.99875
-2.485e-02,-87.4063,-2.00453
-2.482e-02,-88.9375,-2.01516
-2.478e-02,-90.4766,-2.03172
-2.475e-02,-91.8047,-2.03672
-2.472e-02,-93.2734,-2.04109
-2.469e-02,-94.7656,-2.06
-2.466e-02,-95.9297,-2.07203
-2.462e-02,-97.5547,-2.07875
-2.459e-02,-98.9375,-2.08688
-2.456e-02,-100.367,-2.095
-2.453e-02,-101.5,-2.10719
-2.450e-02,-103.094,-2.11938
-2.446e-02,-103.906,-2.125
-2.443e-02,-104.938,-2.11875
-2.440e-02,-105.508,-2.12328
-2.437e-02,-106.352,-2.13422
-2.434e-02,-107.055,-2.12875
-2.430e-02,-107.727,-2.13891
-2.427e-02,-108.734,-2.14328
-2.424e-02,-109.18,-2.14172
-2.421e-02,-109.758,-2.14078
-2.418e-02,-110.555,-2.15547
-2.414e-02,-110.938,-2.15547
-2.411e-02,-111.32,-2.15484
-2.408e-02,-111.617,-2.15578
-2.405e-02,-111.945,-2.15297
-2.402e-02,-112.539,-2.15734
-2.398e-02,-112.859,-2.14938
-2.395e-02,-112.82,-2.15656
-2.392e-02,-113.055,-2.15016
-2.389e-02,-113.125,-2.15297
-2.386e-02,-113.156,-2.14766
-2.382e-02,-113.313,-2.14984
-2.379e-02,-113.625,-2.15125
-2.376e-02,-113.438,-2.14828
-2.373e-02,-113.367,-2.13687
-2.370e-02,-113.375,-2.14406
-2.366e-02,-113.164,-2.14172
-2.363e-02,-113.055,-2.13516
-2.360e-02,-113.094,-2.13141
-2.357e-02,-112.938,-2.14047
-2.354e-02,-112.938,-2.125
-2.350e-02,-112.852,-2.12391
-2.347e-02,-112.781,-2.12328
-2.344e-02,-111.953,-2.12172
-2.341e-02,-111.203,-2.11703
-2.338e-02,-110.938,-2.11516
-2.334e-02,-110.258,-2.1125
-2.331e-02,-109.633,-2.10234
-2.328e-02,-108.867,-2.10312
-2.325e-02,-108.023,-2.08844
-2.322e-02,-107.055,-2.09047
-2.318e-02,-106.484,-2.08719
-2.315e-02,-105.336,-2.08109
-2.312e-02,-104.883,-2.07875
-2.309e-02,-103.992,-2.06969
-2.306e-02,-102.719,-2.07203
-2.302e-02,-101.797,-2.05984
-2.299e-02,-100.719,-2.05375
-2.296e-02,-99.6641,-2.04937
-2.293e-02,-98.7813,-2.04109
-2.290e-02,-97.1484,-2.03797
-2.286e-02,-96.6484,-2.03734
-2.283e-02,-95.5,-2.03313
-2.280e-02,-94.4063,-2.02563
-2.277e-02,-93.0938,-2.01422
-2.274e-02,-92.2344,-2.01234
-2.270e-02,-90.9297,-2.00109
-2.267e-02,-90.1016,-2.005
-2.264e-02,-89.0547,-2.00109
-2.261e-02,-87.8906,-1.9825
-2.258e-02,-86.9375,-1.98969
-2.254e-02,-85.6094,-1.98047
-2.251e-02,-84.6953,-1.96719
-2.248e-02,-83.5469,-1.96766
-2.245e-02,-82.8125,-1.96078
-2.242e-02,-81.7813,-1.95312
-2.238e-02,-80.5078,-1.94906
-2.235e-02,-79.5703,-1.93547
-2.232e-02,-78.6797,-1.92516
-2.229e-02,-77.3906,-1.92625
-2.226e-02,-76.3438,-1.92094
-2.222e-02,-75.1953,-1.91422
-2.219e-02,-74.2656,-1.91125
-2.216e-02,-72.9453,-1.89984
-2.213e-02,-71.6016,-1.88719
-2.210e-02,-70.2031,-1.88187
-2.206e-02,-69.1484,-1.88266
-2.203e-02,-67.9453,-1.86938
-2.200e-02,-66.8125,-1.86328
-2.197e-02,-65.3594,-1.8525
-2.194e-02,-63.875,-1.84531
-2.190e-02,-63.0391,-1.84203
-2.187e-02,-61.5859,-1.83203
-2.184e-02,-60.1797,-1.81656
-2.181e-02,-58.9141,-1.80797
-2.178e-02,-57.5625,-1.80547
-2.174e-02,-55.8828,-1.79438
-2.171e-02,-54.9297,-1.78297
-2.168e-02,-53.3672,-1.77406
-2.165e-02,-52.1797,-1.76562
-2.162e-02,-50.5156,-1.75531
-2.158e-02,-49.1641,-1.73953
-2.155e-02,-47.7891,-1.73719
-2.152e-02,-46.2813,-1.72437
-2.149e-02,-44.9297,-1.71875
-2.146e-02,-43.8125,-1.70297
-2.142e-02,-42.4766,-1.69516
-2.139e-02,-41.4609,-1.68578
-2.136e-02,-39.8203,-1.67172
-2.133e-02,-38.7266,-1.66938
-2.130e-02,-37.7031,-1.65344
-2.126e-02,-36.7813,-1.64547
-2.123e-02,-35.4531,-1.63906
-2.120e-02,-34.0547,-1.62172
-2.117e-02,-33.1328,-1.61531
-2.114e-02,-31.6484,-1.60594
-2.110e-02,-30.5469,-1.59875
-2.107e-02,-29.6953,-1.59094
-2.104e-02,-28.7656,-1.57719
-2.101e-02,-27.7266,-1.56688
-2.098e-02,-26.5234,-1.55438
-2.094e-02,-25.4375,-1.55516
-2.091e-02,-24.1484,-1.53937
-2.088e-02,-23.3359,-1.5225
-2.085e-02,-22.2344,-1.51625
-2.082e-02,-21.2578,-1.50453
-2.078e-02,-19.875,-1.49422
-2.075e-02,-19.2422,-1.48484
-2.072e-02,-18.2578,-1.47125
-2.069e-02,-17.1172,-1.47078
-2.066e-02,-16.1094,-1.45281
-2.062e-02,-15.1563,-1.44203
-2.059e-02,-14.3047,-1.43141
-2.056e-02,-13.0938,-1.42
-2.053e-02,-12.2031,-1.40344
-2.050e-02,-11.1641,-1.395
-2.046e-02,-10.6328,-1.38531
-2.043e-02,-9.42969,-1.37766
-2.040e-02,-8.75781,-1.36203
-2.037e-02,-7.46094,-1.34609
-2.034e-02,-6.97656,-1.33594
-2.030e-02,-6.36719,-1.32313
-2.027e-02,-5.11719,-1.31531
-2.024e-02,-4.71875,-1.30781
-2.021e-02,-3.38281,-1.29172
-2.018e-02,-2.66406,-1.27703
-2.014e-02,-1.79688,-1.26234
-2.011e-02,-1.01563,-1.25141
-2.008e-02,-0.265625,-1.23938
-2.005e-02,0.507812,-1.2275
-2.002e-02,1.10156,-1.20672
-1.998e-02,1.90625,-1.19672
-1.995e-02,2.875,-1.18328
-1.992e-02,3.10156,-1.16563
-1.989e-02,4.34375,-1.16172
-1.986e-02,4.94531,-1.15031
-1.982e-02,5.21094,-1.12844
-1.979e-02,6.48437,-1.11672
-1.976e-02,6.94531,-1.09531
-1.973e-02,7.23437,-1.08141
-1.970e-02,8.32031,-1.07359
-1.966e-02,8.94531,-1.04937
-1.963e-02,9.34375,-1.03687
-1.960e-02,10.6719,-1.02844
-1.957e-02,11.0703,-1.00172
-1.954e-02,11.5156,-0.995156
-1.950e-02,12.5391,-0.969531
-1.947e-02,12.9453,-0.958125
-1.944e-02,13.6797,-0.943438
-1.941e-02,14.6094,-0.922656
-1.938e-02,14.8672,-0.909844
-1.934e-02,15.1797,-0.887188
-1.931e-02,16.0391,-0.878125
-1.928e-02,16.7734,-0.862344
-1.925e-02,17.0469,-0.840938
-1.922e-02,17.5156,-0.826719
-1.918e-02,18.4453,-0.803281
-1.915e-02,18.9453,-0.794063
-1.912e-02,19.2656,-0.769844
-1.909e-02,20.2578,-0.754062
-1.906e-02,20.9141,-0.742188
-1.902e-02,21.0703,-0.721094
-1.899e-02,21.2422,-0.716875
-1.896e-02,21.6406,-0.687188
-1.893e-02,22.2266,-0.669375
-1.890e-02,22.7187,-0.650156
-1.886e-02,23.0625,-0.633594
-1.883e-02,23.2578,-0.607969
-1.880e-02,24.2031,-0.59875
-1.877e-02,24.6094,-0.576719
-1.874e-02,24.9141,-0.559844
-1.870e-02,25.0391,-0.53625
-1.867e-02,25.4531,-0.521719
-1.864e-02,25.9062,-0.507031
-1.861e-02,26.3672,-0.481094
-1.858e-02,26.8516,-0.455781
-1.854e-02,27.0625,-0.435781
-1.851e-02,27.5391,-0.416406
-1.848e-02,27.7266,-0.401094
-1.845e-02,28.6016,-0.380937
-1.842e-02,28.7422,-0.359687
-1.838e-02,28.9453,-0.331406
-1.835e-02,29.1875,-0.315625
-1.832e-02,29.1797,-0.297969
-1.829e-02,29.5937,-0.277969
-1.826e-02,29.7266,-0.249844
-1.822e-02,30.3437,-0.23625
-1.819e-02,30.6562,-0.205625
-1.816e-02,30.7891,-0.197344
-1.813e-02,30.9453,-0.165625
-1.810e-02,30.9453,-0.142813
-1.806e-02,31.0625,-0.122813
-1.803e-02,31.0625,-0.105625
-1.800e-02,31.2734,-0.0785938
-1.797e-02,31.5234,-0.051875
-1.794e-02,31.5859,-0.019375
-1.790e-02,32.1797,-0.00109375
-1.787e-02,32.3047,0.0245313
-1.784e-02,32.6641,0.0453125
-1.781e-02,32.9766,0.07
-1.778e-02,33.0625,0.0975
-1.774e-02,33.125,0.122188
-1.771e-02,33.0625,0.145156
-1.768e-02,33.4062,0.172187
-1.765e-02,33.5,0.201406
-1.762e-02,33.8672,0.223906
-1.758e-02,34.5625,0.249844
-1.755e-02,34.7109,0.271875
-1.752e-02,34.9062,0.29125
-1.749e-02,35.1094,0.32125
-1.746e-02,35.0937,0.338281
-1.742e-02,35.125,0.364687
-1.739e-02,35.7656,0.392188
-1.736e-02,36.125,0.413594
-1.733e-02,36.4687,0.439531
-1.730e-02,36.7109,0.457031
-1.726e-02,36.9453,0.485156
-1.723e-02,37.2734,0.511406
-1.720e-02,37.0859,0.532656
-1.717e-02,37.5937,0.557969
-1.714e-02,38.1016,0.584375
-1.710e-02,38.7266,0.612031
-1.707e-02,38.9453,0.630469
-1.704e-02,38.9453,0.660469
-1.701e-02,39.0625,0.682344
-1.698e-02,39.0625,0.707969
-1.694e-02,39.4453,0.737344
-1.691e-02,39.9297,0.758125
-1.688e-02,40.6719,0.781406
-1.685e-02,40.8359,0.805
-1.682e-02,41.1875,0.833438
-1.678e-02,41.4766,0.857344
-1.675e-02,41.7187,0.876875
-1.672e-02,42.7266,0.895625
-1.669e-02,42.9453,0.921719
-1.666e-02,43.1094,0.947188
-1.662e-02,43.3359,0.964375
-1.659e-02,44.125,0.995313
-1.656e-02,44.5703,1.01594
-1.653e-02,44.8281,1.03859
-1.650e-02,45.0703,1.06125
-1.646e-02,45.6406,1.08563
-1.643e-02,46.1562,1.10938
-1.640e-02,46.8437,1.13906
-1.637e-02,47.2031,1.15594
-1.634e-02,47.1719,1.17422
-1.630e-02,48.1562,1.20422
-1.627e-02,48.6328,1.23313
-1.624e-02,48.9453,1.25047
-1.621e-02,49.0625,1.27406
-1.618e-02,50.0156,1.29594
-1.614e-02,50.6797,1.32375
-1.611e-02,50.9453,1.33297
-1.608e-02,51.2734,1.355
-1.605e-02,52.1641,1.37828
-1.602e-02,52.7266,1.39844
-1.598e-02,53.0625,1.41547
-1.595e-02,53.7812,1.44016
-1.592e-02,54.5547,1.45953
-1.589e-02,54.9453,1.48
-1.586e-02,55.25,1.50094
-1.582e-02,56.2422,1.5175
-1.579e-02,56.9453,1.54234
-1.576e-02,57.1562,1.55656
-1.573e-02,58.4062,1.57969
-1.570e-02,58.8672,1.59719
-1.566e-02,59.1562,1.615
-1.563e-02,60.2891,1.63391
-1.560e-02,61.0625,1.65516
-1.557e-02,61.7031,1.67563
-1.554e-02,62.8359,1.69531
-1.550e-02,63.6875,1.71516
-1.547e-02,64.9453,1.72328
-1.544e-02,65.5937,1.74281
-1.541e-02,66.8672,1.75984
-1.538e-02,67.8437,1.78734
-1.534e-02,68.9453,1.79781
-1.531e-02,70.5781,1.81266
-1.528e-02,71.4375,1.83281
-1.525e-02,72.9609,1.84453
-1.522e-02,73.9375,1.86531
-1.518e-02,75.4062,1.87734
-1.515e-02,76.6406,1.88891
-1.512e-02,77.8672,1.91
-1.509e-02,79.0859,1.92563
-1.506e-02,80.5547,1.93375
-1.502e-02,81.8672,1.95281
-1.499e-02,83.1875,1.96453
-1.496e-02,84.8594,1.98125
-1.493e-02,86.0547,1.99344
-1.490e-02,87.6562,2.00766
-1.486e-02,89.0625,2.01328
-1.483e-02,90.2578,2.02281
-1.480e-02,91.2187,2.03859
-1.477e-02,92.8672,2.04609
-1.474e-02,93.7734,2.06016
-1.470e-02,95.3828,2.07281
-1.467e-02,97.1797,2.07891
-1.464e-02,98.1875,2.10016
-1.461e-02,99.3359,2.09938
-1.458e-02,100.852,2.11609
-1.454e-02,101.945,2.11938
-1.451e-02,103.234,2.12375
-1.448e-02,104.812,2.12938
-1.445e-02,105.437,2.13719
-1.442e-02,106.258,2.14938
-1.438e-02,107.031,2.15672
-1.435e-02,107.805,2.15578
-1.432e-02,108.633,2.15891
-1.429e-02,109.258,2.15891
-1.426e-02,110.156,2.16375
-1.422e-02,110.969,2.15891
-1.419e-02,111.172,2.16312
-1.416e-02,111.961,2.16656
-1.413e-02,112.594,2.16312
-1.410e-02,112.711,2.16453
-1.406e-02,113.062,2.16844
-1.403e-02,113.062,2.16938
-1.400e-02,113.742,2.16156
-1.397e-02,114.023,2.17109
-1.394e-02,114.508,2.17141
-1.390e-02,114.859,2.16812
-1.387e-02,114.852,2.16594
-1.384e-02,114.93,2.16328
-1.381e-02,114.945,2.16297
-1.378e-02,115.055,2.16328
-1.374e-02,114.828,2.16375
-1.371e-02,114.945,2.16063
-1.368e-02,114.867,2.15891
-1.365e-02,114.922,2.15922
-1.362e-02,114.93,2.15891
-1.358e-02,114.797,2.15891
-1.355e-02,114.398,2.15625
-1.352e-02,113.977,2.15437
-1.349e-02,113.539,2.14781
-1.346e-02,113.062,2.13938
-1.342e-02,112.945,2.14219
-1.339e-02,112.594,2.13344
-1.336e-02,111.648,2.12625
-1.333e-02,110.937,2.12578
-1.330e-02,110.133,2.11891
-1.326e-02,109.164,2.11609
-1.323e-02,108.492,2.11516
-1.320e-02,107.25,2.10562
-1.317e-02,106.852,2.10875
-1.314e-02,105.906,2.09484
-1.310e-02,104.703,2.08937
-1.307e-02,103.937,2.08516
-1.304e-02,103.062,2.07812
-1.301e-02,101.875,2.07734
-1.298e-02,100.945,2.07016
-1.294e-02,100.016,2.06391
-1.291e-02,99.0625,2.05922
-1.288e-02,98.1328,2.04969
-1.285e-02,97.125,2.04203
-1.282e-02,96.0469,2.03656
-1.278e-02,95.1406,2.0375
-1.275e-02,93.8828,2.02703
-1.272e-02,92.9375,2.02
-1.269e-02,91.8828,2.00953
-1.266e-02,91.0625,2.01141
-1.262e-02,90.1562,2.00281
-1.259e-02,89.0625,1.99891
-1.256e-02,88.2422,1.99328
-1.253e-02,87.0391,1.99063
-1.250e-02,85.7812,1.98344
-1.246e-02,84.7266,1.97672
-1.243e-02,83.5547,1.96781
-1.240e-02,82.6875,1.96125
-1.237e-02,81.5781,1.95016
-1.234e-02,80.7031,1.94719
-1.230e-02,79.5156,1.93672
-1.227e-02,78.4219,1.92734
-1.224e-02,76.9844,1.91922
-1.221e-02,75.5781,1.91922
-1.218e-02,74.7734,1.91453
-1.214e-02,73.4297,1.90078
-1.211e-02,71.8828,1.89781
-1.208e-02,70.7578,1.88672
-1.205e-02,69.3828,1.88328
-1.202e-02,67.8516,1.86922
-1.198e-02,66.5547,1.87062
-1.195e-02,65.4297,1.85281
-1.192e-02,63.7266,1.84609
-1.189e-02,62.7109,1.84141
-1.186e-02,60.9141,1.83125
-1.182e-02,59.8125,1.81734
-1.179e-02,58.3125,1.81219
-1.176e-02,57.3906,1.80406
-1.173e-02,55.7656,1.79656
-1.170e-02,54.5156,1.78656
-1.166e-02,53.3672,1.77937
-1.163e-02,51.7656,1.76687
-1.160e-02,50.3516,1.75703
-1.157e-02,49.4687,1.74812
-1.154e-02,47.6875,1.73328
-1.150e-02,46.3203,1.72531
-1.147e-02,45.0625,1.71938
-1.144e-02,43.7578,1.70516
-1.141e-02,42.2422,1.69547
-1.138e-02,41.3906,1.68312
-1.134e-02,39.9062,1.67328
-1.131e-02,38.9844,1.66797
-1.128e-02,37.7578,1.65453
-1.125e-02,36.7656,1.64344
-1.122e-02,35.6172,1.63656
-1.118e-02,34.5469,1.62797
-1.115e-02,33.3437,1.61109
-1.112e-02,32.375,1.60125
-1.109e-02,31.3203,1.59719
-1.106e-02,30.2187,1.58328
-1.102e-02,29.3203,1.56781
-1.099e-02,27.9844,1.56359
-1.096e-02,27.0156,1.55422
-1.093e-02,25.7109,1.54281
-1.090e-02,24.6094,1.52641
-1.086e-02,23.5234,1.52094
-1.083e-02,22.3594,1.5075
-1.080e-02,21.5312,1.50375
-1.077e-02,20.4141,1.48969
-1.074e-02,19.2812,1.47703
-1.070e-02,17.875,1.46953
-1.067e-02,16.8594,1.45219
-1.064e-02,15.5547,1.44125
-1.061e-02,15.0547,1.43016
-1.058e-02,14.1797,1.41922
-1.054e-02,13.2266,1.40359
-1.051e-02,11.9844,1.39703
-1.048e-02,11.0625,1.38688
-1.045e-02,10.3594,1.37109
-1.042e-02,9.22656,1.35984
-1.038e-02,8.32812,1.34672
-1.035e-02,7.17187,1.34281
-1.032e-02,6.94531,1.32469
-1.029e-02,6.11719,1.31703
-1.026e-02,5.20312,1.30656
-1.022e-02,4.71094,1.29016
-1.019e-02,3.82031,1.27891
-1.016e-02,3.0625,1.26438
-1.013e-02,2.47656,1.24672
-1.010e-02,1.28906,1.23844
-1.006e-02,0.773437,1.22406
-1.003e-02,-0.507813,1.20469
-1.000e-02,-0.953125,1.19969
-9.968e-03,-1.27344,1.18469
-9.936e-03,-2.59375,1.16203
-9.904e-03,-3.09375,1.15609
-9.872e-03,-3.875,1.13422
-9.840e-03,-4.6875,1.12359
-9.808e-03,-5.32813,1.11266
-9.776e-03,-6.45313,1.09031
-9.744e-03,-6.9375,1.07453
-9.712e-03,-7.53125,1.06281
-9.680e-03,-8.46875,1.05078
-9.648e-03,-8.94531,1.03094
-9.616e-03,-9.55469,1.02063
-9.584e-03,-10.6719,1.00484
-9.552e-03,-11.1797,0.987656
-9.520e-03,-11.5938,0.964375
-9.488e-03,-12.7188,0.958906
-9.456e-03,-12.9375,0.937188
-9.424e-03,-13.3984,0.921563
-9.392e-03,-14.1016,0.90625
-9.360e-03,-14.9844,0.885469
-9.328e-03,-15.1797,0.874844
-9.296e-03,-16.1016,0.854063
-9.264e-03,-16.7266,0.838906
-9.232e-03,-17.0078,0.829063
-9.200e-03,-17.1328,0.809688
-9.168e-03,-18.2656,0.794063
-9.136e-03,-18.9375,0.772969
-9.104e-03,-19.0547,0.76125
-9.072e-03,-19.2109,0.744219
-9.040e-03,-19.8281,0.718906
-9.008e-03,-20.4219,0.702969
-8.976e-03,-20.9375,0.691562
-8.944e-03,-21.1563,0.667969
-8.912e-03,-21.4375,0.648438
-8.880e-03,-22.1328,0.634219
-8.848e-03,-22.5234,0.614531
-8.816e-03,-22.9375,0.595469
-8.784e-03,-23.0547,0.575469
-8.752e-03,-23.2969,0.562813
-8.720e-03,-23.8828,0.537031
-8.688e-03,-24.6172,0.522813
-8.656e-03,-24.7813,0.505938
-8.624e-03,-24.9375,0.483438
-8.592e-03,-25.2813,0.455625
-8.560e-03,-25.8438,0.443906
-8.528e-03,-26.1875,0.432344
-8.496e-03,-26.6484,0.402031
-8.464e-03,-26.9375,0.385313
-8.432e-03,-26.9375,0.359844
-8.400e-03,-27.0547,0.342031
-8.368e-03,-27.4297,0.322031
-8.336e-03,-28.0469,0.302656
-8.304e-03,-28.1016,0.274375
-8.272e-03,-28.3828,0.254063
-8.240e-03,-28.8359,0.232344
-8.208e-03,-28.9375,0.209844
-8.176e-03,-29.0547,0.190625
-8.144e-03,-29.1641,0.160781
-8.112e-03,-29.3594,0.130781
-8.080e-03,-29.7891,0.107031
-8.048e-03,-29.9844,0.084375
-8.016e-03,-30.5078,0.0645312
-7.984e-03,-30.7891,0.0389063
-7.952e-03,-30.7656,0.0134375
-7.920e-03,-30.9375,-0.00921875
-7.888e-03,-31.0547,-0.034375
-7.856e-03,-31.0547,-0.0576562
-7.824e-03,-31.0547,-0.0817188
-7.792e-03,-31.0547,-0.113437
-7.760e-03,-31.2188,-0.127031
-7.728e-03,-31.6953,-0.157188
-7.696e-03,-32.2344,-0.177031
-7.664e-03,-32.1953,-0.198125
-7.632e-03,-32.7969,-0.229219
-7.600e-03,-32.8438,-0.245781
-7.568e-03,-32.9375,-0.271562
-7.536e-03,-33.5234,-0.295938
-7.504e-03,-33.6016,-0.315625
-7.472e-03,-34.2188,-0.339062
-7.440e-03,-34.6328,-0.360781
-7.408e-03,-34.7656,-0.385781
-7.376e-03,-34.9375,-0.405
-7.344e-03,-35.0547,-0.434375
-7.312e-03,-35.0703,-0.448594
-7.280e-03,-35.5,-0.475156
-7.248e-03,-35.9141,-0.506563
-7.216e-03,-36.2734,-0.525938
-7.184e-03,-36.8125,-0.552344
-7.152e-03,-36.9375,-0.58375
-7.120e-03,-37.0547,-0.605625
-7.088e-03,-37.2734,-0.63375
-7.056e-03,-37.5078,-0.656094
-7.024e-03,-37.8203,-0.688125
-6.992e-03,-38.6719,-0.714688
-6.960e-03,-38.8828,-0.725781
-6.928e-03,-38.9375,-0.753437
-6.896e-03,-39.0547,-0.776719
-6.864e-03,-39.5859,-0.802656
-6.832e-03,-40.2969,-0.825469
-6.800e-03,-40.7422,-0.851719
-6.768e-03,-40.9375,-0.872656
-6.736e-03,-41.1328,-0.895
-6.704e-03,-41.7109,-0.918438
-6.672e-03,-42.4688,-0.947344
-6.640e-03,-42.9297,-0.969688
-6.608e-03,-43.0547,-0.996563
-6.576e-03,-43.1563,-1.01578
-6.544e-03,-43.75,-1.04406
-6.512e-03,-44.3672,-1.06781
-6.480e-03,-44.9375,-1.09203
-6.448e-03,-45.0547,-1.11016
-6.416e-03,-45.2188,-1.13422
-6.384e-03,-45.8984,-1.15844
-6.352e-03,-46.6641,-1.17953
-6.320e-03,-46.8984,-1.20516
-6.288e-03,-47.3438,-1.22094
-6.256e-03,-47.8438,-1.24359
-6.224e-03,-48.7109,-1.27063
-6.192e-03,-48.9375,-1.28672
-6.160e-03,-49.2734,-1.31219
-6.128e-03,-50.4531,-1.32859
-6.096e-03,-50.7188,-1.35328
-6.064e-03,-50.9375,-1.36875
-6.032e-03,-51.4453,-1.39094
-6.000e-03,-52.1172,-1.41844
-5.968e-03,-52.9375,-1.43531
-5.936e-03,-53.0547,-1.45094
-5.904e-03,-53.5,-1.48125
-5.872e-03,-54.8281,-1.48906
-5.840e-03,-55.1797,-1.51188
-5.808e-03,-55.5469,-1.52547
-5.776e-03,-56.4063,-1.54859
-5.744e-03,-56.9375,-1.56109
-5.712e-03,-58.1016,-1.58469
-5.680e-03,-58.8203,-1.59953
-5.648e-03,-59.4063,-1.62
-5.616e-03,-60.4219,-1.63875
-5.584e-03,-61.1719,-1.66094
-5.552e-03,-62.1719,-1.67516
-5.520e-03,-62.9375,-1.69656
-5.488e-03,-63.7813,-1.72125
-5.456e-03,-64.75,-1.73031
-5.424e-03,-65.6406,-1.75016
-5.392e-03,-66.9063,-1.76828
-5.360e-03,-67.7266,-1.78531
-5.328e-03,-68.9375,-1.80328
-5.296e-03,-70.2734,-1.82
-5.264e-03,-71.0547,-1.83547
-5.232e-03,-72.0703,-1.84516
-5.200e-03,-73.7031,-1.86422
-5.168e-03,-74.9063,-1.87875
-5.136e-03,-75.8984,-1.89219
-5.104e-03,-77.0547,-1.91437
-5.072e-03,-78.5781,-1.92016
-5.040e-03,-79.3359,-1.92641
-5.008e-03,-81.1563,-1.94547
-4.976e-03,-82.4219,-1.96109
-4.944e-03,-83.8438,-1.97391
-4.912e-03,-85.0234,-1.99453
-4.880e-03,-86.5859,-1.99875
-4.848e-03,-87.7266,-2.00297
-4.816e-03,-89.2422,-2.02937
-4.784e-03,-90.7031,-2.03266
-4.752e-03,-92.0547,-2.04531
-4.720e-03,-93.3594,-2.04984
-4.688e-03,-94.7813,-2.06109
-4.656e-03,-96.3281,-2.07219
-4.624e-03,-97.9766,-2.08109
-4.592e-03,-99.2813,-2.08453
-4.560e-03,-100.625,-2.09047
-4.528e-03,-102.102,-2.11125
-4.496e-03,-103.219,-2.11797
-4.464e-03,-104.063,-2.11922
-4.432e-03,-104.859,-2.12109
-4.400e-03,-105.438,-2.12109
-4.368e-03,-106.703,-2.12969
-4.336e-03,-107.055,-2.14219
-4.304e-03,-107.891,-2.14438
-4.272e-03,-108.766,-2.14125
-4.240e-03,-109.25,-2.14781
-4.208e-03,-109.938,-2.14859
-4.176e-03,-110.219,-2.15406
-4.144e-03,-110.938,-2.15703
-4.112e-03,-111.18,-2.15313
-4.080e-03,-111.875,-2.15078
-4.048e-03,-112.289,-2.15391
-4.016e-03,-112.477,-2.15047
-3.984e-03,-112.93,-2.15469
-3.952e-03,-112.938,-2.15875
-3.920e-03,-112.938,-2.155
-3.888e-03,-113.258,-2.15219
-3.856e-03,-113.367,-2.1525
-3.824e-03,-113.406,-2.14734
-3.792e-03,-113.148,-2.14984
-3.760e-03,-113.633,-2.14141
-3.728e-03,-113.336,-2.15063
-3.696e-03,-113.414,-2.14062
-3.664e-03,-113.344,-2.13766
-3.632e-03,-113.391,-2.13234
-3.600e-03,-113.141,-2.13094
-3.568e-03,-113.055,-2.13172
-3.536e-03,-113.055,-2.12578
-3.504e-03,-112.75,-2.12328
-3.472e-03,-112.469,-2.12812
-3.440e-03,-111.875,-2.12094
-3.408e-03,-111.125,-2.10969
-3.376e-03,-110.781,-2.1175
-3.344e-03,-110.25,-2.10562
-3.312e-03,-109.164,-2.10156
-3.280e-03,-108.898,-2.10516
-3.248e-03,-107.672,-2.0925
-3.216e-03,-106.938,-2.08922
-3.184e-03,-106.281,-2.08391
-3.152e-03,-105.273,-2.08203
-3.120e-03,-104.797,-2.07875
-3.088e-03,-103.422,-2.06937
-3.056e-03,-102.57,-2.06672
-3.024e-03,-101.594,-2.05375
-2.992e-03,-100.867,-2.05109
-2.960e-03,-99.4297,-2.04703
-2.928e-03,-98.3984,-2.04109
-2.896e-03,-97.1719,-2.03891
-2.864e-03,-96.3672,-2.03875
-2.832e-03,-95.1563,-2.03453
-2.800e-03,-94.4688,-2.02391
-2.768e-03,-93.0078,-2.01281
-2.736e-03,-91.9297,-2.00656
-2.704e-03,-91.125,-2.00312
-2.672e-03,-89.8125,-1.99813
-2.640e-03,-88.75,-1.99219
-2.608e-03,-87.7422,-1.99172
-2.576e-03,-86.6953,-1.98469
-2.544e-03,-85.3203,-1.97594
-2.512e-03,-84.6406,-1.97203
-2.480e-03,-83.5703,-1.96109
-2.448e-03,-82.7188,-1.96125
-2.416e-03,-81.2422,-1.94734
-2.384e-03,-80.4609,-1.94734
-2.352e-03,-79.3125,-1.93469
-2.320e-03,-78.3438,-1.9275
-2.288e-03,-77.2734,-1.92219
-2.256e-03,-76.2734,-1.92375
-2.224e-03,-75.1719,-1.91406
-2.192e-03,-74.0391,-1.90422
-2.160e-03,-72.8281,-1.89953
-2.128e-03,-71.4609,-1.89094
-2.096e-03,-70.0781,-1.88312
-2.064e-03,-69.2266,-1.87375
-2.032e-03,-67.8281,-1.87109
-2.000e-03,-66.3672,-1.85828
-1.968e-03,-65.3125,-1.855
-1.936e-03,-63.8594,-1.84766
-1.904e-03,-62.7891,-1.84156
-1.872e-03,-61.3828,-1.82859
-1.840e-03,-59.9453,-1.81875
-1.808e-03,-58.8125,-1.80797
-1.776e-03,-57.2578,-1.80328
-1.744e-03,-55.9141,-1.795
-1.712e-03,-54.1484,-1.78937
-1.680e-03,-53.3438,-1.77891
-1.648e-03,-51.6875,-1.76781
-1.616e-03,-50.6563,-1.75656
-1.584e-03,-48.9688,-1.745
-1.552e-03,-47.5078,-1.73484
-1.520e-03,-46.0938,-1.72281
-1.488e-03,-45.0703,-1.71625
-1.456e-03,-43.4922,-1.70578
-1.424e-03,-42.1094,-1.695
-1.392e-03,-41.0156,-1.68297
-1.360e-03,-39.5781,-1.67688
-1.328e-03,-38.5,-1.65938
-1.296e-03,-37.4375,-1.65047
-1.264e-03,-36.5781,-1.64766
-1.232e-03,-35.4375,-1.62859
-1.200e-03,-34.1406,-1.62
-1.168e-03,-32.7344,-1.61406
-1.136e-03,-31.5859,-1.60156
-1.104e-03,-30.3516,-1.59719
-1.072e-03,-29.5938,-1.58797
-1.040e-03,-28.6875,-1.57766
-1.008e-03,-27.5469,-1.56
-9.760e-04,-26.3281,-1.55531
-9.440e-04,-25.2422,-1.54531
-9.120e-04,-24.5,-1.53141
-8.800e-04,-23.1719,-1.52703
-8.480e-04,-22,-1.51875
-8.160e-04,-20.9375,-1.50172
-7.840e-04,-19.8203,-1.49609
-7.520e-04,-19,-1.48328
-7.200e-04,-17.8203,-1.46969
-6.880e-04,-17.1172,-1.46453
-6.560e-04,-15.9766,-1.45
-6.240e-04,-14.8125,-1.44125
-5.920e-04,-13.75,-1.42906
-5.600e-04,-12.9375,-1.42234
-5.280e-04,-11.9531,-1.40547
-4.960e-04,-11.1016,-1.39156
-4.640e-04,-10.2344,-1.38375
-4.320e-04,-9.05469,-1.36609
-4.000e-04,-8.5625,-1.35672
-3.680e-04,-7.53125,-1.355
-3.360e-04,-6.9375,-1.33469
-3.040e-04,-6.03906,-1.32109
-2.720e-04,-5.02344,-1.31391
-2.400e-04,-4.46875,-1.29984
-2.080e-04,-3.07031,-1.28422
-1.760e-04,-2.83594,-1.27234
-1.440e-04,-1.60156,-1.26281
-1.120e-04,-1.05469,-1.24906
-8.000e-05,-0.25,-1.24109
-4.800e-05,0.90625,-1.22109
-1.600e-05,1.0625,-1.21063
1.600e-05,2.21875,-1.19813
4.800e-05,2.94531,-1.18609
8.000e-05,3.39062,-1.16484
1.120e-04,4.53125,-1.15875
1.440e-04,5.0625,-1.13859
1.760e-04,5.70312,-1.12453
2.080e-04,6.63281,-1.11266
2.400e-04,6.94531,-1.09281
2.720e-04,7.59375,-1.08109
3.040e-04,8.28125,-1.0725
3.360e-04,8.94531,-1.05156
3.680e-04,9.69531,-1.03766
4.000e-04,10.8359,-1.0175
4.320e-04,11.0625,-1.00328
4.640e-04,11.4062,-0.988437
4.960e-04,12.4922,-0.966719
5.280e-04,13.1172,-0.955469
5.600e-04,13.7266,-0.937344
5.920e-04,14.7578,-0.9225
6.240e-04,14.9453,-0.906875
6.560e-04,15.1641,-0.885469
6.880e-04,16.1797,-0.878594
7.200e-04,16.8437,-0.853594
7.520e-04,17.2812,-0.840781
7.840e-04,17.8047,-0.816719
8.160e-04,18.5937,-0.807188
8.480e-04,18.9453,-0.790625
8.800e-04,19.5156,-0.762813
9.120e-04,20.2266,-0.755469
9.440e-04,20.8203,-0.73875
9.760e-04,20.9453,-0.724375
1.008e-03,21.2969,-0.705469
1.040e-03,21.8594,-0.692656
1.072e-03,22.375,-0.665781
1.104e-03,22.8281,-0.645156
1.136e-03,23.0625,-0.632344
1.168e-03,23.625,-0.611406
1.200e-03,23.6016,-0.593594
1.232e-03,24.6562,-0.569219
1.264e-03,24.9453,-0.554063
1.296e-03,25.1094,-0.527188
1.328e-03,25.5625,-0.517188
1.360e-03,25.6484,-0.491719
1.392e-03,26.7656,-0.477031
1.424e-03,26.8906,-0.452813
1.456e-03,27.0625,-0.437344
1.488e-03,27.5703,-0.421719
1.520e-03,28.0469,-0.394531
1.552e-03,28.2266,-0.371563
1.584e-03,28.6172,-0.353281
1.616e-03,28.9453,-0.332031
1.648e-03,29.0625,-0.313281
1.680e-03,29.0937,-0.288594
1.712e-03,29.2734,-0.270156
1.744e-03,29.8359,-0.247969
1.776e-03,30.2891,-0.229375
1.808e-03,30.6016,-0.205625
1.840e-03,30.7109,-0.184688
1.872e-03,30.9453,-0.160469
1.904e-03,31.0625,-0.139687
1.936e-03,31.0625,-0.114531
1.968e-03,31.0625,-0.095625
2.000e-03,31.0859,-0.07125
2.032e-03,31.4297,-0.0482812
2.064e-03,31.6484,-0.0176563
2.096e-03,32.1719,0.00875
2.128e-03,32.5234,0.0332812
2.160e-03,32.6562,0.0540625
2.192e-03,32.8984,0.08
2.224e-03,32.9453,0.106094
2.256e-03,32.9375,0.125469
2.288e-03,33.1797,0.149063
2.320e-03,33.2969,0.178281
2.352e-03,33.7734,0.20125
2.384e-03,33.7109,0.2225
2.416e-03,34.4297,0.246719
2.448e-03,34.7578,0.274375
2.480e-03,34.7422,0.307188
2.512e-03,34.9453,0.327813
2.544e-03,35.1406,0.34375
2.576e-03,35.2969,0.372656
2.608e-03,35.875,0.397656
2.640e-03,36.1016,0.417031
2.672e-03,36.6875,0.4425
2.704e-03,36.875,0.463125
2.736e-03,36.9922,0.487813
2.768e-03,37.0625,0.512344
2.800e-03,37.2187,0.532969
2.832e-03,37.7031,0.557656
2.864e-03,38.1719,0.584688
2.896e-03,38.8828,0.615469
2.928e-03,38.9453,0.638281
2.960e-03,38.9453,0.665312
2.992e-03,39.0625,0.685937
3.024e-03,39.3984,0.711719
3.056e-03,39.5312,0.743437
3.088e-03,40.4453,0.761719
3.120e-03,40.5937,0.785781
3.152e-03,40.8594,0.808906
3.184e-03,41.2344,0.83375
3.216e-03,41.3906,0.8575
3.248e-03,41.9766,0.878437
3.280e-03,42.5937,0.902813
3.312e-03,43.0625,0.927656
3.344e-03,43.2812,0.952813
3.376e-03,43.5625,0.970938
3.408e-03,44.0234,1.00016
3.440e-03,44.5547,1.02047
3.472e-03,44.9453,1.04484
3.504e-03,45.125,1.05922
3.536e-03,45.6172,1.0875
3.568e-03,46.4766,1.11328
3.600e-03,46.9453,1.13359
3.632e-03,47.0234,1.16125
3.664e-03,47.2656,1.18281
3.696e-03,48.2578,1.20531
3.728e-03,48.8906,1.23203
3.760e-03,48.9453,1.2575
3.792e-03,49.4531,1.28063
3.824e-03,50.2422,1.2975
3.856e-03,50.8828,1.31766
3.888e-03,51.0937,1.34141
3.920e-03,51.1719,1.36141
3.952e-03,52.2109,1.38109
3.984e-03,52.8437,1.40172
4.016e-03,53.0625,1.41797
4.048e-03,53.6484,1.43797
4.080e-03,54.7031,1.46922
4.112e-03,55.1562,1.48313
4.144e-03,55.3359,1.50469
4.176e-03,56.5078,1.52141
4.208e-03,56.9453,1.54234
4.240e-03,57.3906,1.55656
4.272e-03,58.5469,1.58125
4.304e-03,58.9453,1.60172
4.336e-03,59.2969,1.61578
4.368e-03,60.7734,1.635
4.400e-03,61.1016,1.65688
4.432e-03,62.3906,1.67813
4.464e-03,62.9453,1.69312
4.496e-03,64.1719,1.7125
4.528e-03,65,1.72406
4.560e-03,65.8906,1.75078
4.592e-03,67.1719,1.76766
4.624e-03,67.8984,1.78344
4.656e-03,69.25,1.80141
4.688e-03,70.4687,1.81672
4.720e-03,71.5859,1.83469
4.752e-03,72.9453,1.84594
4.784e-03,74.2422,1.86719
4.816e-03,75.0625,1.87938
4.848e-03,76.9453,1.90109
4.880e-03,77.7656,1.91906
4.912e-03,79.2109,1.92563
4.944e-03,80.6484,1.94531
4.976e-03,82.1406,1.95719
5.008e-03,83.4062,1.96828
5.040e-03,84.9453,1.98344
5.072e-03,86.1875,1.99703
5.104e-03,87.9531,2.00234
5.136e-03,89.1875,2.01625
5.168e-03,90.5781,2.03031
5.200e-03,91.5625,2.04625
5.232e-03,93.0312,2.05859
5.264e-03,94.4062,2.06344
5.296e-03,95.8281,2.07547
5.328e-03,97.0312,2.08359
5.360e-03,98.2969,2.09469
5.392e-03,99.5156,2.1025
5.424e-03,100.852,2.11313
5.456e-03,101.961,2.11656
5.488e-03,103.562,2.12594
5.520e-03,104.711,2.14469
5.552e-03,105.266,2.13797
5.584e-03,106.336,2.15453
5.616e-03,107.008,2.15297
5.648e-03,107.695,2.16156
5.680e-03,108.781,2.16375
5.712e-03,109.172,2.16453
5.744e-03,110.477,2.16281
5.776e-03,110.953,2.16453
5.808e-03,111.367,2.16344
5.840e-03,112.016,2.17031
5.872e-03,112.891,2.16797
5.904e-03,113.062,2.17031
5.936e-03,113.078,2.16953
5.968e-03,113.297,2.16891
6.000e-03,113.695,2.17375
6.032e-03,114.078,2.16938
6.064e-03,114.742,2.16906
6.096e-03,114.594,2.16297
6.128e-03,114.734,2.16719
6.160e-03,114.859,2.16984
6.192e-03,114.93,2.16547
6.224e-03,114.844,2.16359
6.256e-03,115.133,2.16172
6.288e-03,115.023,2.16109
6.320e-03,114.937,2.16125
6.352e-03,114.945,2.15891
6.384e-03,114.805,2.15891
6.416e-03,114.797,2.15484
6.448e-03,114.492,2.15297
6.480e-03,114.062,2.14766
6.512e-03,113.398,2.14797
6.544e-03,113.062,2.14562
6.576e-03,112.945,2.13891
6.608e-03,112.32,2.13219
6.640e-03,111.75,2.12672
6.672e-03,110.82,2.12906
6.704e-03,110.359,2.11891
6.736e-03,109.008,2.11891
6.768e-03,108.469,2.11422
6.800e-03,107.289,2.11609
6.832e-03,106.844,2.10328
6.864e-03,105.75,2.09734
6.896e-03,104.945,2.09453
6.928e-03,103.875,2.08875
6.960e-03,102.891,2.08188
6.992e-03,101.578,2.07641
7.024e-03,100.82,2.06953
7.056e-03,99.7422,2.06078
7.088e-03,98.9453,2.05703
7.120e-03,97.9844,2.04578
7.152e-03,96.9375,2.0375
7.184e-03,95.8047,2.03844
7.216e-03,94.9453,2.03656
7.248e-03,93.5469,2.025
7.280e-03,92.6094,2.01656
7.312e-03,91.5781,2.01609
7.344e-03,90.8203,2.00734
7.376e-03,89.8828,1.99672
7.408e-03,88.8203,1.99641
7.440e-03,88.0391,1.99547
7.472e-03,86.8203,1.98266
7.504e-03,85.5469,1.97875
7.536e-03,84.7891,1.97359
7.568e-03,83.2969,1.96313
7.600e-03,82.5859,1.95984
7.632e-03,81.1953,1.95719
7.664e-03,80.6406,1.95031
7.696e-03,79.1719,1.93922
7.728e-03,78.0391,1.93594
7.760e-03,76.8203,1.91891
7.792e-03,75.5234,1.92094
7.824e-03,74.4141,1.91422
7.856e-03,73.0234,1.90156
7.888e-03,71.8437,1.89656
7.920e-03,70.5859,1.89
7.952e-03,68.9453,1.87719
7.984e-03,67.7344,1.87891
8.016e-03,66.2812,1.86031
8.048e-03,65.2031,1.85297
8.080e-03,63.6016,1.84672
8.112e-03,62.1641,1.84094
8.144e-03,61.1094,1.83188
8.176e-03,59.6953,1.82375
8.208e-03,58.0078,1.81094
8.240e-03,57.2578,1.79891
8.272e-03,55.7656,1.79625
8.304e-03,54.0547,1.79188
8.336e-03,52.8281,1.77359
8.368e-03,51.6094,1.76984
8.400e-03,50.0625,1.75219
8.432e-03,49.1719,1.73953
8.464e-03,47.2734,1.73406
8.496e-03,46.0312,1.71984
8.528e-03,44.7656,1.71016
8.560e-03,43.6328,1.70516
8.592e-03,42.0391,1.69063
8.624e-03,41.0078,1.68031
8.656e-03,39.7266,1.67672
8.688e-03,38.6641,1.66312
8.720e-03,37.75,1.65031
8.752e-03,36.9297,1.64266
8.784e-03,35.6094,1.63609
8.816e-03,34.2656,1.62312
8.848e-03,33.0859,1.61047
8.880e-03,31.9375,1.60484
8.912e-03,31.0703,1.59125
8.944e-03,30.2187,1.58516
8.976e-03,29.1719,1.57078
9.008e-03,27.8594,1.55859
9.040e-03,26.7969,1.55281
9.072e-03,25.5937,1.53953
9.104e-03,24.2109,1.52406
9.136e-03,23.3437,1.52125
9.168e-03,22.3594,1.50766
9.200e-03,21.2656,1.49875
9.232e-03,20.0391,1.48594
9.264e-03,19.1719,1.47953
9.296e-03,17.6094,1.4675
9.328e-03,16.6875,1.44922
9.360e-03,15.5547,1.44281
9.392e-03,14.9453,1.42922
9.424e-03,14.0391,1.40969
9.456e-03,13.0703,1.40109
9.488e-03,11.9687,1.39656
9.520e-03,11.0234,1.38719
9.552e-03,10.1562,1.36828
9.584e-03,9.17969,1.35688
9.616e-03,8.17187,1.34969
9.648e-03,7.13281,1.33531
9.680e-03,6.77344,1.32125
9.712e-03,5.86719,1.31656
9.744e-03,5.0625,1.29469
9.776e-03,4.75781,1.28563
9.808e-03,3.34375,1.27406
9.840e-03,2.77344,1.26281
9.872e-03,1.85156,1.25094
9.904e-03,1.09375,1.23609
9.936e-03,0.828125,1.22297
9.968e-03,-0.515625,1.20516
1.000e-02,-1.05469,1.19719
1.003e-02,-1.55469,1.17484
1.006e-02,-2.71875,1.16797
1.010e-02,-3.13281,1.14813
1.013e-02,-4.02344,1.13422
1.016e-02,-4.9375,1.11938
1.019e-02,-5.32031,1.10594
1.022e-02,-6.58594,1.09062
1.026e-02,-6.9375,1.07719
1.029e-02,-7.66406,1.06062
1.032e-02,-8.6875,1.04641
1.035e-02,-9.125,1.02859
1.038e-02,-9.8125,1.005
1.042e-02,-10.6797,0.995625
1.045e-02,-11.0469,0.978438
1.048e-02,-11.8359,0.96375
1.051e-02,-12.6328,0.951875
1.054e-02,-13.0547,0.928281
1.058e-02,-13.4922,0.92125
1.061e-02,-14.3984,0.897188
1.064e-02,-14.8438,0.886875
1.067e-02,-15.3047,0.868437
1.070e-02,-16.1406,0.850469
1.074e-02,-16.8203,0.838906
1.077e-02,-17.0547,0.817813
1.080e-02,-17.4063,0.801094
1.083e-02,-18.3906,0.786563
1.086e-02,-18.8984,0.769219
1.090e-02,-19.1719,0.758125
1.093e-02,-19.6094,0.732031
1.096e-02,-20.2422,0.715
1.099e-02,-20.7578,0.694063
1.102e-02,-20.9375,0.68125
1.106e-02,-21.0547,0.668438
1.109e-02,-21.9844,0.645313
1.112e-02,-22.0703,0.629062
1.115e-02,-22.7031,0.610625
1.118e-02,-22.9375,0.59375
1.122e-02,-23.1797,0.577813
1.125e-02,-23.5781,0.553906
1.128e-02,-23.9688,0.535781
1.131e-02,-24.7656,0.520781
1.134e-02,-24.9375,0.502656
1.138e-02,-24.9375,0.48125
1.141e-02,-25.3828,0.455313
1.144e-02,-25.75,0.44125
1.147e-02,-26.4453,0.421094
1.150e-02,-26.6953,0.398906
1.154e-02,-26.9375,0.385469
1.157e-02,-27.0547,0.36125
1.160e-02,-27.1328,0.337969
1.163e-02,-27.4766,0.318906
1.166e-02,-27.8438,0.3
1.170e-02,-28.25,0.268594
1.173e-02,-28.7813,0.245469
1.176e-02,-28.9063,0.226094
1.179e-02,-29.0547,0.20125
1.182e-02,-29.0547,0.185
1.186e-02,-29.1094,0.154062
1.189e-02,-29.3828,0.13375
1.192e-02,-29.7656,0.114062
1.195e-02,-30.2109,0.08125
1.198e-02,-30.1953,0.0565625
1.202e-02,-30.6875,0.0326562
1.205e-02,-30.8359,0.0090625
1.208e-02,-30.9375,-0.0140625
1.211e-02,-30.9375,-0.0429688
1.214e-02,-30.9375,-0.0726563
1.218e-02,-31.1328,-0.0848437
1.221e-02,-31.1484,-0.114844
1.224e-02,-31.0938,-0.128281
1.227e-02,-31.9141,-0.158594
1.230e-02,-32.1719,-0.178906
1.234e-02,-32.4688,-0.203906
1.237e-02,-32.9375,-0.230313
1.240e-02,-32.8438,-0.246406
1.243e-02,-33.0547,-0.272656
1.246e-02,-33.1484,-0.292813
1.250e-02,-33.4297,-0.318594
1.253e-02,-34.3203,-0.338594
1.256e-02,-34.5859,-0.365625
1.259e-02,-34.8281,-0.389531
1.262e-02,-34.9375,-0.407031
1.266e-02,-35.0547,-0.43875
1.269e-02,-35.1641,-0.452969
1.272e-02,-35.4688,-0.482344
1.275e-02,-36.1563,-0.505
1.278e-02,-36.6563,-0.529219
1.282e-02,-36.9375,-0.562188
1.285e-02,-37.0547,-0.589375
1.288e-02,-37.1641,-0.612969
1.291e-02,-37.125,-0.638125
1.294e-02,-37.7656,-0.661406
1.298e-02,-38.1016,-0.689375
1.301e-02,-38.6875,-0.715469
1.304e-02,-38.9375,-0.736563
1.307e-02,-39.0547,-0.762188
1.310e-02,-39.1563,-0.775469
1.314e-02,-39.4297,-0.803281
1.317e-02,-40.2266,-0.830156
1.320e-02,-40.7031,-0.862344
1.323e-02,-40.9375,-0.880781
1.326e-02,-41.0547,-0.90125
1.330e-02,-41.8281,-0.925781
1.333e-02,-42.3672,-0.950937
1.336e-02,-42.9453,-0.969063
1.339e-02,-43.125,-0.991406
1.342e-02,-43.3203,-1.02422
1.346e-02,-43.8594,-1.04313
1.349e-02,-44.4063,-1.06984
1.352e-02,-44.8984,-1.09234
1.355e-02,-44.9375,-1.11187
1.358e-02,-45.5469,-1.13766
1.362e-02,-46.0547,-1.15875
1.365e-02,-46.8359,-1.18094
1.368e-02,-46.7188,-1.20234
1.371e-02,-47.1797,-1.22703
1.374e-02,-47.6406,-1.25188
1.378e-02,-48.7344,-1.26859
1.381e-02,-48.9375,-1.28953
1.384e-02,-49.375,-1.315
1.387e-02,-50.1328,-1.33594
1.390e-02,-50.7813,-1.35875
1.394e-02,-51.125,-1.37125
1.397e-02,-51.5,-1.39437
1.400e-02,-52.2969,-1.4175
1.403e-02,-52.9375,-1.43453
1.406e-02,-53.1719,-1.45453
1.410e-02,-53.8516,-1.47719
1.413e-02,-54.7891,-1.49063
1.416e-02,-55.0547,-1.51
1.419e-02,-55.4922,-1.52859
1.422e-02,-56.5703,-1.55094
1.426e-02,-57.0859,-1.56609
1.429e-02,-58.1172,-1.58828
1.432e-02,-59.0625,-1.60094
1.435e-02,-59.5234,-1.62234
1.438e-02,-60.7344,-1.64375
1.442e-02,-61.0625,-1.66672
1.445e-02,-62.2109,-1.68437
1.448e-02,-63.1016,-1.70219
1.451e-02,-63.8281,-1.72109
1.454e-02,-64.9531,-1.73781
1.458e-02,-65.9609,-1.7525
1.461e-02,-66.9375,-1.76969
1.464e-02,-67.7813,-1.78781
1.467e-02,-68.875,-1.80188
1.470e-02,-70.1641,-1.82547
1.474e-02,-71.1797,-1.83656
1.477e-02,-72.6094,-1.84781
1.480e-02,-73.7188,-1.87156
1.483e-02,-75.0547,-1.88953
1.486e-02,-76.4219,-1.89891
1.490e-02,-77.2266,-1.91203
1.493e-02,-78.4375,-1.9175
1.496e-02,-79.8359,-1.94016
1.499e-02,-81.0547,-1.95312
1.502e-02,-82.7266,-1.96109
1.506e-02,-83.9375,-1.97188
1.509e-02,-85.1484,-1.99219
1.512e-02,-86.8203,-2.00172
1.515e-02,-87.9219,-2.01141
1.518e-02,-89.4219,-2.02906
1.522e-02,-90.9375,-2.03266
1.525e-02,-92.4531,-2.04297
1.528e-02,-93.5078,-2.05563
1.531e-02,-95.1875,-2.05422
1.534e-02,-96.6875,-2.07656
1.538e-02,-97.8516,-2.0775
1.541e-02,-99.1797,-2.0825
1.544e-02,-101.031,-2.10781
1.547e-02,-102.211,-2.11594
1.550e-02,-103.5,-2.11781
1.554e-02,-104.188,-2.11625
1.557e-02,-104.938,-2.11938
1.560e-02,-105.727,-2.12781
1.563e-02,-106.516,-2.13141
1.566e-02,-107.117,-2.13875
1.570e-02,-108.117,-2.1325
1.573e-02,-108.758,-2.14328
1.576e-02,-109.242,-2.15016
1.579e-02,-109.789,-2.13969
1.582e-02,-110.516,-2.14781
1.586e-02,-110.789,-2.1575
1.589e-02,-111.055,-2.15437
1.592e-02,-111.836,-2.1525
1.595e-02,-112.43,-2.15594
1.598e-02,-112.383,-2.1525
1.602e-02,-112.867,-2.15297
1.605e-02,-113.055,-2.15734
1.608e-02,-113.055,-2.15437
1.611e-02,-113.063,-2.15484
1.614e-02,-113.289,-2.14797
1.618e-02,-113.336,-2.14594
1.621e-02,-113.531,-2.14469
1.624e-02,-113.758,-2.1525
1.627e-02,-113.578,-2.14469
1.630e-02,-113.305,-2.13891
1.634e-02,-113.203,-2.13859
1.637e-02,-113.219,-2.13625
1.640e-02,-113.055,-2.13359
1.643e-02,-113.156,-2.12938
1.646e-02,-113.055,-2.12219
1.650e-02,-112.938,-2.12344
1.653e-02,-112.438,-2.11875
1.656e-02,-111.867,-2.12125
1.659e-02,-111.219,-2.11844
1.662e-02,-110.656,-2.11672
1.666e-02,-110.219,-2.10781
1.669e-02,-109.461,-2.10906
1.672e-02,-108.703,-2.10016
1.675e-02,-107.453,-2.09578
1.678e-02,-106.938,-2.08734
1.682e-02,-105.914,-2.08719
1.685e-02,-105.055,-2.08109
1.688e-02,-104.586,-2.07609
1.691e-02,-103.406,-2.06797
1.694e-02,-102.531,-2.065
1.698e-02,-101.25,-2.06016
1.701e-02,-100.438,-2.04937
1.704e-02,-99.2031,-2.04469
1.707e-02,-98.2578,-2.04109
1.710e-02,-97.2578,-2.03875
1.714e-02,-96.375,-2.03469
1.717e-02,-95,-2.02781
1.720e-02,-93.7109,-2.01984
1.723e-02,-92.9375,-2.01406
1.726e-02,-91.7344,-2.00547
1.730e-02,-90.9375,-1.99813
1.733e-02,-89.5391,-2.00078
1.736e-02,-88.75,-1.99516
1.739e-02,-87.3984,-1.98516
1.742e-02,-86.4531,-1.98016
1.746e-02,-85.3594,-1.9725
1.749e-02,-84.5391,-1.96531
1.752e-02,-83.3828,-1.95875
1.755e-02,-82.5781,-1.95719
1.758e-02,-81.1641,-1.94734
1.762e-02,-80.2656,-1.94516
1.765e-02,-79.2891,-1.93578
1.768e-02,-78.125,-1.9325
1.771e-02,-77.0547,-1.92437
1.774e-02,-75.875,-1.92109
1.778e-02,-74.9766,-1.91437
1.781e-02,-73.7109,-1.90516
1.784e-02,-72.5938,-1.89266
1.787e-02,-71.3359,-1.88938
1.790e-02,-69.9609,-1.885
1.794e-02,-68.9063,-1.87547
1.797e-02,-67.7031,-1.87484
1.800e-02,-66.3672,-1.85688
1.803e-02,-65.0391,-1.84797
1.806e-02,-63.6719,-1.84406
1.810e-02,-62.4766,-1.8375
1.813e-02,-61.2109,-1.83
1.816e-02,-59.6563,-1.82172
1.819e-02,-58.3438,-1.80797
1.822e-02,-56.9141,-1.80156
1.826e-02,-55.8047,-1.79063
1.829e-02,-54.0703,-1.78703
1.832e-02,-52.8906,-1.77078
1.835e-02,-51.5156,-1.76484
1.838e-02,-50.0547,-1.75406
1.842e-02,-48.7188,-1.74766
1.845e-02,-47.3984,-1.73281
1.848e-02,-45.8594,-1.71813
1.851e-02,-44.3984,-1.71578
1.854e-02,-43.375,-1.70141
1.858e-02,-41.8281,-1.68828
1.861e-02,-40.8359,-1.68172
1.864e-02,-39.4609,-1.67125
1.867e-02,-38.0234,-1.66
1.870e-02,-37.3438,-1.64891
1.874e-02,-36.0938,-1.64297
1.877e-02,-35.3438,-1.63187
1.880e-02,-33.875,-1.62172
1.883e-02,-32.6953,-1.60766
1.886e-02,-31.4922,-1.60187
1.890e-02,-30.4688,-1.59406
1.893e-02,-29.5078,-1.58266
1.896e-02,-28.0938,-1.57578
1.899e-02,-27.2578,-1.56219
1.902e-02,-26.125,-1.55578
1.906e-02,-25.0547,-1.54672
1.909e-02,-23.9063,-1.53281
1.912e-02,-23.1719,-1.52344
1.915e-02,-21.8516,-1.51766
1.918e-02,-20.9375,-1.50359
1.922e-02,-19.8672,-1.49734
1.925e-02,-18.9688,-1.48281
1.928e-02,-17.5234,-1.47875
1.931e-02,-16.7656,-1.46188
1.934e-02,-15.5938,-1.44578
1.938e-02,-14.9375,-1.43625
1.941e-02,-13.4531,-1.42234
1.944e-02,-12.8359,-1.41125
1.947e-02,-12.0625,-1.39906
1.950e-02,-11.0859,-1.39453
1.954e-02,-10.2734,-1.37516
1.957e-02,-9.10156,-1.36547
1.960e-02,-8.1875,-1.35688
1.963e-02,-7.07813,-1.34906
1.966e-02,-6.70313,-1.33047
1.970e-02,-5.78125,-1.32516
1.973e-02,-5.05469,-1.31359
1.976e-02,-4.28125,-1.29563
1.979e-02,-3.05469,-1.28375
1.982e-02,-2.69531,-1.27391
1.986e-02,-1.46094,-1.25984
1.989e-02,-1.05469,-1.24531
1.992e-02,-0.0625,-1.23641
1.995e-02,0.9375,-1.22266
1.998e-02,1.14844,-1.19641
2.002e-02,2.22656,-1.19469
2.005e-02,3.0625,-1.18266
2.008e-02,3.57031,-1.16
2.011e-02,4.53125,-1.15531
2.014e-02,4.94531,-1.14172
2.018e-02,5.69531,-1.1225
2.021e-02,6.85937,-1.10922
2.024e-02,6.94531,-1.09094
2.027e-02,7.64062,-1.07828
2.030e-02,8.8125,-1.06453
2.034e-02,9.1875,-1.05359
2.037e-02,10.125,-1.03812
2.040e-02,10.7422,-1.01359
2.043e-02,11.3906,-0.997188
2.046e-02,11.7656,-0.983906
2.050e-02,12.9219,-0.965781
2.053e-02,13.0625,-0.953281
2.056e-02,14.0703,-0.926406
2.059e-02,14.7969,-0.91625
2.062e-02,14.9453,-0.902969
2.066e-02,15.2422,-0.88625
2.069e-02,16.125,-0.875
2.072e-02,17.0625,-0.851875
2.075e-02,17.3672,-0.83875
2.078e-02,17.9531,-0.819219
2.082e-02,18.9453,-0.803125
2.085e-02,18.875,-0.786406
2.088e-02,19.5937,-0.761094
2.091e-02,20.5937,-0.753437
2.094e-02,20.9453,-0.727656
2.098e-02,21.0625,-0.716562
2.101e-02,21.2812,-0.700469
2.104e-02,22.0547,-0.680937
2.107e-02,22.6406,-0.667031
2.110e-02,22.9453,-0.642969
2.114e-02,23.1562,-0.62875
2.117e-02,23.6328,-0.607969
2.120e-02,24.3125,-0.588281
2.123e-02,24.6953,-0.566406
2.126e-02,24.8437,-0.555469
2.130e-02,25.25,-0.530781
2.133e-02,25.4844,-0.515781
2.136e-02,25.7187,-0.492031
2.139e-02,26.5703,-0.470469
2.142e-02,26.9453,-0.452031
2.146e-02,27.1406,-0.432031
2.149e-02,27.6641,-0.405625
2.152e-02,28.2812,-0.394062
2.155e-02,28.6641,-0.368906
2.158e-02,28.9297,-0.348438
2.162e-02,28.9453,-0.324219
2.165e-02,29.2656,-0.30375
2.168e-02,29.3516,-0.283281
2.171e-02,29.3047,-0.265469
2.174e-02,30.2734,-0.245
2.178e-02,30.25,-0.234687
2.181e-02,30.7578,-0.201563
2.184e-02,30.8672,-0.183906
2.187e-02,30.9297,-0.157031
2.190e-02,30.9453,-0.131719
2.194e-02,31.1797,-0.117813
2.197e-02,31.1172,-0.0945312
2.200e-02,31.1797,-0.0721875
2.203e-02,31.3125,-0.04
2.206e-02,31.6328,-0.0170313
2.210e-02,32.3984,0.00671875
2.213e-02,32.7422,0.033125
2.216e-02,32.8437,0.0542188
2.219e-02,32.8672,0.0792188
2.222e-02,32.9453,0.10625
2.226e-02,33.0625,0.125938
2.229e-02,33.1406,0.151563
2.232e-02,33.3672,0.181875
2.235e-02,33.6641,0.20375
2.238e-02,33.8594,0.230625
2.242e-02,34.8047,0.25375
2.245e-02,34.5156,0.28125
2.248e-02,35.0625,0.3025
2.251e-02,34.9453,0.324531
2.254e-02,35.0625,0.35375
2.258e-02,35.5156,0.368594
2.261e-02,36.0625,0.395781
2.264e-02,36.1875,0.421563
2.267e-02,36.4922,0.443125
2.270e-02,36.9297,0.47375
2.274e-02,36.9453,0.490312
2.277e-02,37.1641,0.517031
2.280e-02,37.0859,0.541563
2.283e-02,37.8125,0.56375
2.286e-02,38.4844,0.591875
2.290e-02,38.8906,0.617188
2.293e-02,38.9453,0.632344
2.296e-02,38.9453,0.665781
2.299e-02,39.0625,0.687188
2.302e-02,39.2578,0.720625
2.306e-02,40.0312,0.745938
2.309e-02,40.3359,0.765313
2.312e-02,40.6562,0.791875
2.315e-02,41.0469,0.817031
2.318e-02,41.1797,0.839219
2.322e-02,41.5234,0.86
2.325e-02,42.2969,0.885
2.328e-02,42.7266,0.905781
2.331e-02,43.0469,0.928125
2.334e-02,43.0625,0.957813
2.338e-02,43.6484,0.97125
2.341e-02,44.1719,0.998906
2.344e-02,44.6328,1.02687
2.347e-02,45.0625,1.04406
2.350e-02,45.2031,1.06969
2.354e-02,46.1172,1.09016
2.357e-02,46.625,1.11844
2.360e-02,46.9453,1.13938
2.363e-02,47.25,1.16344
2.366e-02,47.7734,1.18766
2.370e-02,48.5469,1.21078
2.373e-02,48.8359,1.23297
2.376e-02,49.0625,1.25641
2.379e-02,49.4766,1.28141
2.382e-02,50.3828,1.29875
2.386e-02,50.9453,1.32344
2.389e-02,50.9453,1.33844
2.392e-02,51.4766,1.36125
2.395e-02,52.1641,1.38359
2.398e-02,52.9141,1.40359
2.402e-02,53.0625,1.42297
2.405e-02,53.5703,1.44109
2.408e-02,54.7656,1.46453
2.411e-02,55.0625,1.48797
2.414e-02,55.4062,1.50344
2.418e-02,56.4609,1.52563
2.421e-02,56.9453,1.54484
2.424e-02,57.3906,1.56375
2.427e-02,58.5937,1.58
2.430e-02,59.0625,1.60375
2.434e-02,59.5312,1.62531
2.437e-02,60.6484,1.64266
2.440e-02,61.1875,1.65203
2.443e-02,62.4766,1.67656
2.446e-02,62.9297,1.69672
2.450e-02,63.6953,1.71813
2.453e-02,65.125,1.72328
2.456e-02,66.1953,1.75672
2.459e-02,67.0625,1.77125
2.462e-02,68.25,1.78656
2.466e-02,69.3594,1.80844
2.469e-02,70.6719,1.81922
2.472e-02,71.7812,1.84062
2.475e-02,73.2031,1.85297
2.478e-02,74.4297,1.87234
2.482e-02,75.5156,1.87891
2.485e-02,76.9453,1.89563
2.488e-02,78.3437,1.91297
2.491e-02,79.7187,1.93625
2.494e-02,80.8516,1.93859
2.498e-02,82.4297,1.96078
2.501e-02,83.6562,1.97188
2.504e-02,85.1016,1.98562
2.507e-02,86.5391,1.99656
2.510e-02,87.9219,2.00328
2.514e-02,89.2344,2.02125
2.517e-02,90.6641,2.03437
2.520e-02,91.8984,2.04344
2.523e-02,93.3047,2.05328
2.526e-02,94.5312,2.06625
2.530e-02,96.1484,2.07531
2.533e-02,97.2969,2.08125
2.536e-02,98.6875,2.09844
2.539e-02,99.4609,2.10438
2.542e-02,101.187,2.11719
2.546e-02,102.172,2.12125
2.549e-02,103.492,2.12734
2.552e-02,104.859,2.13484
2.555e-02,105.445,2.14297
2.558e-02,106.469,2.15156
2.562e-02,107.18,2.15844
2.565e-02,108.117,2.15891
2.568e-02,108.852,2.15938
2.571e-02,109.258,2.16344
2.574e-02,110.25,2.16344
2.578e-02,110.797,2.16469
2.581e-02,111.57,2.16125
2.584e-02,112.148,2.16406
2.587e-02,112.594,2.16734
2.590e-02,113.062,2.17
2.594e-02,113.227,2.17031
2.597e-02,113.664,2.16797
2.600e-02,113.82,2.16562
2.603e-02,114.594,2.16281
2.606e-02,114.617,2.16594
2.610e-02,114.758,2.16594
2.613e-02,114.883,2.16812
2.616e-02,114.945,2.16406
2.619e-02,114.945,2.16641
2.622e-02,115.266,2.16875
2.626e-02,114.945,2.16125
2.629e-02,114.945,2.1575
2.632e-02,114.875,2.15813
2.635e-02,114.797,2.16125
2.638e-02,114.945,2.15781
2.642e-02,114.875,2.15766
2.645e-02,114.711,2.15344
2.648e-02,114,2.14703
2.651e-02,113.648,2.14688
2.654e-02,113.164,2.13828
2.658e-02,112.781,2.13719
2.661e-02,112.539,2.13156
2.664e-02,111.477,2.12266
2.667e-02,111.055,2.12938
2.670e-02,109.828,2.12344
2.674e-02,109.062,2.12
2.677e-02,107.992,2.11063
2.680e-02,107.062,2.11063
2.683e-02,106.594,2.10359
2.686e-02,105.383,2.09859
2.690e-02,104.789,2.08734
2.693e-02,103.461,2.08109
2.696e-02,102.844,2.07906
2.699e-02,101.289,2.07781
2.702e-02,100.844,2.0625
2.706e-02,99.8359,2.05922
2.709e-02,98.9453,2.0575
2.712e-02,97.5312,2.04797
2.715e-02,96.8125,2.04672
2.718e-02,95.6484,2.04125
2.722e-02,94.8828,2.03422
2.725e-02,93.4219,2.02969
2.728e-02,92.8125,2.01672
2.731e-02,91.4375,2.00859
2.734e-02,90.9375,2.00359
2.738e-02,89.5,2.00125
2.741e-02,88.8203,1.99672
2.744e-02,87.4453,1.9925
2.747e-02,86.4219,1.98188
2.750e-02,85.1797,1.97594
2.754e-02,84.6016,1.96875
2.757e-02,83.3125,1.96109
2.760e-02,82.5156,1.95891
2.763e-02,81.1016,1.94844
2.766e-02,80.3516,1.94875
2.770e-02,79.1406,1.93016
2.773e-02,77.8359,1.93031
2.776e-02,76.9141,1.92359
2.779e-02,75.2812,1.91828
2.782e-02,74.4609,1.91109
2.786e-02,72.9766,1.89766
2.789e-02,71.6094,1.89406
2.792e-02,70.0703,1.88734
2.795e-02,68.4297,1.88266
2.798e-02,67.4922,1.86953
2.802e-02,65.9687,1.85922
2.805e-02,64.7344,1.85438
2.808e-02,63.3672,1.84609
2.811e-02,61.7969,1.83984
2.814e-02,60.6172,1.82406
2.818e-02,59.3125,1.81859
2.821e-02,58.1484,1.80469
2.824e-02,56.8047,1.80281
2.827e-02,55.5,1.78984
2.830e-02,53.8828,1.78672
2.834e-02,52.2734,1.76797
2.837e-02,51.2734,1.75891
2.840e-02,49.8672,1.75188
2.843e-02,48.5547,1.73797
2.846e-02,47.2891,1.73125
2.850e-02,45.6797,1.71641
2.853e-02,44.7734,1.71562
2.856e-02,43.3047,1.70797
2.859e-02,42.0234,1.6925
2.862e-02,41.1562,1.68125
2.866e-02,39.4687,1.67391
2.869e-02,38.5391,1.66328
2.872e-02,37.5625,1.65172
2.875e-02,36.5937,1.64234
2.878e-02,35.5,1.63578
2.882e-02,34.0078,1.61844
2.885e-02,33.2812,1.61453
2.888e-02,32,1.60563
2.891e-02,31.1797,1.59172
2.894e-02,29.9297,1.58656
2.898e-02,29.1406,1.57078
2.901e-02,27.6953,1.56406
2.904e-02,26.6094,1.54875
2.907e-02,25.4922,1.53625
2.910e-02,24.3672,1.52797
2.914e-02,23.2266,1.51906
2.917e-02,22.3437,1.50984
2.920e-02,20.9141,1.49578
2.923e-02,19.8359,1.48562
2.926e-02,18.8047,1.48078
2.930e-02,17.8672,1.46547
2.933e-02,16.8281,1.44359
2.936e-02,15.2969,1.43906
2.939e-02,14.7031,1.43
2.942e-02,13.6484,1.40969
2.946e-02,12.9453,1.40281
2.949e-02,11.4766,1.39891
2.952e-02,11.0078,1.37953
2.955e-02,9.92187,1.36578
2.958e-02,9.17187,1.36016
2.962e-02,8.10156,1.34984
2.965e-02,7.10937,1.33297
2.968e-02,6.64062,1.325
2.971e-02,5.50781,1.31094
2.974e-02,4.94531,1.28828
2.978e-02,4.44531,1.28344
2.981e-02,3.25,1.27313
2.984e-02,2.94531,1.25953
2.987e-02,2.09375,1.25016
2.990e-02,1.0625,1.23125
2.994e-02,0.804687,1.21766
2.997e-02,-0.367188,1.20375
3.000e-02,-0.984375,1.18844
3.003e-02,-1.6875,1.17453
3.006e-02,-2.89063,1.16063
3.010e-02,-3.27344,1.14703
3.013e-02,-4.17188,1.13187
3.016e-02,-4.9375,1.11609
3.019e-02,-5.80469,1.1
3.022e-02,-6.90625,1.08641
3.026e-02,-7.05469,1.07344
3.029e-02,-7.6875,1.05297
3.032e-02,-8.78125,1.04594
3.035e-02,-9.05469,1.02969
3.038e-02,-9.875,1.01234
3.042e-02,-10.8594,0.995938
3.045e-02,-11.0547,0.9825
3.048e-02,-11.75,0.963281
3.051e-02,-12.6094,0.952031
3.054e-02,-13.0547,0.937813
3.058e-02,-13.4141,0.923281
3.061e-02,-14.75,0.898281
3.064e-02,-14.9375,0.880781
3.067e-02,-15.2969,0.874062
3.070e-02,-16.1641,0.847187
3.074e-02,-16.8516,0.837031
3.077e-02,-17.1016,0.818906
3.080e-02,-17.9453,0.80125
3.083e-02,-18.75,0.785938
3.086e-02,-19.0547,0.763437
3.090e-02,-19.0938,0.755938
3.093e-02,-19.5078,0.725625
3.096e-02,-20.2188,0.7225
3.099e-02,-20.6719,0.695
3.102e-02,-21.0547,0.678906
3.106e-02,-21.1328,0.663125
3.109e-02,-21.6563,0.643281
3.112e-02,-22.3672,0.631875
3.115e-02,-22.75,0.609063
3.118e-02,-22.9375,0.584063
3.122e-02,-23.0547,0.571094
3.125e-02,-23.4453,0.545312
3.128e-02,-24.0703,0.535156
3.131e-02,-24.3047,0.512188
3.134e-02,-24.9375,0.494063
3.138e-02,-24.9375,0.475313
3.141e-02,-25.2578,0.452031
3.144e-02,-25.8359,0.436875
3.147e-02,-26.7188,0.413281
3.150e-02,-26.6563,0.40125
3.154e-02,-26.9375,0.374219
3.157e-02,-27.0547,0.361094
3.160e-02,-27.1328,0.336719
3.163e-02,-27.6172,0.320312
3.166e-02,-27.8828,0.29625
3.170e-02,-28.4609,0.274219
3.173e-02,-28.7344,0.247344
3.176e-02,-28.8203,0.225469
3.179e-02,-28.9375,0.206094
3.182e-02,-29.0625,0.172187
3.186e-02,-29.1484,0.152344
3.189e-02,-29.1641,0.124063
3.192e-02,-29.8984,0.102969
3.195e-02,-29.5859,0.0784375
3.198e-02,-30.7188,0.0525
3.202e-02,-30.7109,0.035
3.205e-02,-30.7813,0.00640625
3.208e-02,-30.9375,-0.0207813
3.211e-02,-30.9375,-0.04375
3.214e-02,-31.0547,-0.0685937
3.218e-02,-31.2422,-0.0951562
3.221e-02,-31.2656,-0.117031
3.224e-02,-31.3594,-0.140313
3.227e-02,-31.9922,-0.157656
3.230e-02,-32.1484,-0.187031
3.234e-02,-32.4453,-0.206094
3.237e-02,-32.9219,-0.234063
3.240e-02,-32.8359,-0.247188
3.243e-02,-33.1641,-0.276719
3.246e-02,-33.3359,-0.296406
3.250e-02,-33.8594,-0.31875
3.253e-02,-33.9922,-0.347187
3.256e-02,-34.5313,-0.369531
3.259e-02,-34.9375,-0.391563
3.262e-02,-34.9375,-0.41375
3.266e-02,-35.0547,-0.441094
3.269e-02,-35.25,-0.46125
3.272e-02,-35.9766,-0.49625
3.275e-02,-36.2344,-0.516406
3.278e-02,-36.6094,-0.535781
3.282e-02,-36.9375,-0.561094
3.285e-02,-36.9375,-0.589375
3.288e-02,-37.0547,-0.619375
3.291e-02,-37.2656,-0.637344
3.294e-02,-37.5156,-0.662969
3.298e-02,-38.3516,-0.693125
3.301e-02,-38.7969,-0.719531
3.304e-02,-38.9375,-0.739219
3.307e-02,-39.0547,-0.75875
3.310e-02,-39.2734,-0.785625
3.314e-02,-39.5625,-0.804219
3.317e-02,-40.3281,-0.831719
3.320e-02,-40.7891,-0.855469
3.323e-02,-41.0625,-0.87875
3.326e-02,-41.3203,-0.902188
3.330e-02,-41.6641,-0.925312
3.333e-02,-42.4922,-0.961094
3.336e-02,-42.875,-0.974844
3.339e-02,-43.0234,-0.994844
3.342e-02,-43.4531,-1.02453
3.346e-02,-43.6406,-1.05
3.349e-02,-44.6797,-1.07359
3.352e-02,-44.9375,-1.09625
3.355e-02,-44.9375,-1.11938
3.358e-02,-45.3281,-1.14969
3.362e-02,-46.3516,-1.16
3.365e-02,-46.6328,-1.18656
3.368e-02,-47.1953,-1.20609
3.371e-02,-47.1719,-1.22687
3.374e-02,-48.3359,-1.24859
3.378e-02,-48.6953,-1.27281
3.381e-02,-49.0547,-1.30125
3.384e-02,-49.5469,-1.31219
3.387e-02,-50.0469,-1.33953
3.390e-02,-50.9219,-1.36125
3.394e-02,-51.0781,-1.37297
3.397e-02,-51.8281,-1.40109
3.400e-02,-52.1875,-1.41688
3.403e-02,-52.9375,-1.44219
3.406e-02,-53.1406,-1.46016
3.410e-02,-53.9609,-1.48031
3.413e-02,-54.625,-1.49328
3.416e-02,-55.1797,-1.51719
3.419e-02,-55.5625,-1.52984
3.422e-02,-56.7969,-1.55672
3.426e-02,-57.1797,-1.56937
3.429e-02,-58.0859,-1.59594
3.432e-02,-58.9375,-1.60766
3.435e-02,-59.8203,-1.62281
3.438e-02,-60.8125,-1.64781
3.442e-02,-61.2891,-1.66547
3.445e-02,-62.6563,-1.68797
3.448e-02,-63.0547,-1.70922
3.451e-02,-64.1484,-1.72
3.454e-02,-64.9375,-1.73687
3.458e-02,-66.3047,-1.75672
3.461e-02,-66.9375,-1.77125
3.464e-02,-68.3125,-1.79688
3.467e-02,-69.1016,-1.80188
3.470e-02,-70.3594,-1.82937
3.474e-02,-71.3984,-1.83516
3.477e-02,-72.6797,-1.8525
3.480e-02,-73.9141,-1.86953
3.483e-02,-75.1406,-1.88109
3.486e-02,-76.2188,-1.90391
3.490e-02,-77.3516,-1.91406
3.493e-02,-78.7891,-1.92563
3.496e-02,-80.0313,-1.93344
3.499e-02,-81.4141,-1.94953
3.502e-02,-82.9688,-1.965
3.506e-02,-84.3906,-1.97922
3.509e-02,-85.4219,-1.99188
3.512e-02,-86.8672,-1.99875
3.515e-02,-88.375,-2.01375
3.518e-02,-89.7813,-2.01688
3.522e-02,-90.9922,-2.03453
3.525e-02,-92.8906,-2.04438
3.528e-02,-94.0625,-2.05297
3.531e-02,-95.3125,-2.06891
3.534e-02,-96.8281,-2.07219
3.538e-02,-98.3203,-2.08359
3.541e-02,-99.4844,-2.09047
3.544e-02,-100.922,-2.10047
3.547e-02,-102.477,-2.11172
3.550e-02,-103.516,-2.11313
3.554e-02,-104.297,-2.11594
3.557e-02,-105.195,-2.12359
3.560e-02,-105.766,-2.12062
3.563e-02,-106.789,-2.12828
3.566e-02,-107.305,-2.13859
3.570e-02,-108.344,-2.13531
3.573e-02,-108.859,-2.14344
3.576e-02,-109.531,-2.14938
3.579e-02,-110.102,-2.15281
3.582e-02,-110.563,-2.15281
3.586e-02,-110.938,-2.15359
3.589e-02,-111.273,-2.15594
3.592e-02,-111.891,-2.15875
3.595e-02,-112.359,-2.15266
3.598e-02,-112.664,-2.15875
3.602e-02,-112.938,-2.15422
3.605e-02,-112.938,-2.15734
3.608e-02,-113.055,-2.15422
3.611e-02,-113.18,-2.15719
3.614e-02,-113.18,-2.15672
3.618e-02,-113.453,-2.14641
3.621e-02,-113.273,-2.15031
3.624e-02,-113.359,-2.13953
3.627e-02,-113.406,-2.14281
3.630e-02,-113.539,-2.14031
3.634e-02,-113.359,-2.14094
3.637e-02,-113.172,-2.13031
3.640e-02,-113.141,-2.13859
3.643e-02,-113.055,-2.13
3.646e-02,-112.938,-2.12359
3.650e-02,-112.875,-2.12219
3.653e-02,-112.43,-2.12109
3.656e-02,-111.602,-2.12141
3.659e-02,-111.227,-2.11344
3.662e-02,-110.938,-2.11266
3.666e-02,-110.227,-2.11109
3.669e-02,-109.25,-2.10547
3.672e-02,-108.656,-2.09906
3.675e-02,-107.516,-2.0925
3.678e-02,-106.938,-2.08375
3.682e-02,-105.93,-2.08844
3.685e-02,-105.133,-2.07922
3.688e-02,-104.289,-2.07313
3.691e-02,-103.172,-2.06984
3.694e-02,-102.148,-2.06937
3.698e-02,-101.133,-2.06
3.701e-02,-100.531,-2.04875
3.704e-02,-99.2266,-2.04078
3.707e-02,-98.0313,-2.03563
3.710e-02,-97.0078,-2.03688
3.714e-02,-96.0859,-2.03344
3.717e-02,-95.0547,-2.02766
3.720e-02,-93.8125,-2.015
3.723e-02,-92.7734,-2.01516
3.726e-02,-91.4219,-2.00937
3.730e-02,-90.5313,-1.99859
3.733e-02,-89.3359,-1.99406
3.736e-02,-88.625,-1.99391
3.739e-02,-87.1563,-1.99141
3.742e-02,-86.2578,-1.98203
3.746e-02,-85.1328,-1.97297
3.749e-02,-84.5781,-1.96156
3.752e-02,-83.125,-1.96531
3.755e-02,-82.4141,-1.95641
3.758e-02,-81.1406,-1.94813
3.762e-02,-80.2656,-1.94203
3.765e-02,-79.0781,-1.92844
3.768e-02,-77.9453,-1.92922
3.771e-02,-76.9531,-1.9225
3.774e-02,-75.7734,-1.915
3.778e-02,-74.9375,-1.91719
3.781e-02,-73.3828,-1.915
3.784e-02,-72.1016,-1.90344
3.787e-02,-71.0391,-1.88344
3.790e-02,-69.8203,-1.87938
3.794e-02,-68.7188,-1.8775
3.797e-02,-67.4063,-1.87406
3.800e-02,-65.9922,-1.85219
3.803e-02,-64.7813,-1.84594
3.806e-02,-63.2344,-1.83922
3.810e-02,-62.0391,-1.83422
3.813e-02,-60.8438,-1.825
3.816e-02,-59.6641,-1.81484
3.819e-02,-58.1719,-1.80609
3.822e-02,-56.9531,-1.79703
3.826e-02,-55.3594,-1.79438
3.829e-02,-54.0547,-1.78109
3.832e-02,-52.5078,-1.76906
3.835e-02,-51.3828,-1.76328
3.838e-02,-49.7969,-1.74969
3.842e-02,-48.5938,-1.7375
3.845e-02,-47.2422,-1.73609
3.848e-02,-45.6094,-1.72281
3.851e-02,-44.2656,-1.71406
3.854e-02,-43.0859,-1.70609
3.858e-02,-41.6641,-1.69984
3.861e-02,-40.4297,-1.68188
3.864e-02,-39.3594,-1.66266
3.867e-02,-38.3594,-1.66109
3.870e-02,-37.1797,-1.64391
3.874e-02,-35.9141,-1.63969
3.877e-02,-34.75,-1.63359
3.880e-02,-33.6563,-1.61625
3.883e-02,-32.2734,-1.61047
3.886e-02,-31.3203,-1.60281
3.890e-02,-30.5078,-1.59672
3.893e-02,-29.2578,-1.58594
3.896e-02,-28.2656,-1.57328
3.899e-02,-27.0781,-1.56328
3.902e-02,-26.0469,-1.55875
3.906e-02,-25.1953,-1.54453
3.909e-02,-23.8828,-1.52859
3.912e-02,-23.0469,-1.52297
3.915e-02,-21.7578,-1.51422
3.918e-02,-20.8281,-1.50109
3.922e-02,-19.4063,-1.48594
3.925e-02,-18.9375,-1.48109
3.928e-02,-17.6172,-1.47453
3.931e-02,-16.5,-1.45984
3.934e-02,-15.6953,-1.44656
3.938e-02,-14.75,-1.43672
3.941e-02,-13.4063,-1.42922
3.944e-02,-12.8047,-1.40891
3.947e-02,-11.7422,-1.40109
3.950e-02,-10.9375,-1.38438
3.954e-02,-9.92188,-1.37734
3.957e-02,-8.9375,-1.35953
3.960e-02,-8.53125,-1.36109
3.963e-02,-7.22656,-1.34484
3.966e-02,-6.75,-1.33391
3.970e-02,-5.70313,-1.32297
3.973e-02,-4.9375,-1.31062
3.976e-02,-3.82031,-1.29609
3.979e-02,-2.92969,-1.28078
3.982e-02,-2.42969,-1.27141
3.986e-02,-1.39844,-1.26172
3.989e-02,-0.9375,-1.24031
3.992e-02,0.03125,-1.23859
3.995e-02,0.835937,-1.22234
3.998e-02,1.24219,-1.20547
4.002e-02,2.60156,-1.18844
4.005e-02,3.0625,-1.17594
4.008e-02,3.58594,-1.16312
4.011e-02,4.73437,-1.15641
4.014e-02,5.0625,-1.13469
4.018e-02,5.89844,-1.11438
4.021e-02,6.94531,-1.09828
4.024e-02,7.0625,-1.09203
4.027e-02,7.45312,-1.08109
4.030e-02,8.84375,-1.06328
4.034e-02,9.16406,-1.04422
4.037e-02,10.0234,-1.02484
4.040e-02,10.8828,-1.01875
4.043e-02,11.1953,-0.993906
4.046e-02,11.9687,-0.984063
4.050e-02,12.8516,-0.965938
4.053e-02,13.2344,-0.95125
4.056e-02,14.1016,-0.935156
4.059e-02,14.9453,-0.918281
4.062e-02,14.9453,-0.899375
4.066e-02,15.5391,-0.88375
4.069e-02,16.4375,-0.871719
4.072e-02,16.9453,-0.853438
4.075e-02,17.2734,-0.834688
4.078e-02,18.1094,-0.817344
4.082e-02,18.8672,-0.79625
4.085e-02,19.1016,-0.780156
4.088e-02,19.8203,-0.766563
4.091e-02,20.4297,-0.750156
4.094e-02,20.9453,-0.728125
4.098e-02,21.0625,-0.717812
4.101e-02,21.4219,-0.70125
4.104e-02,22.2969,-0.678594
4.107e-02,22.6797,-0.654844
4.110e-02,22.9453,-0.635625
4.114e-02,23.0391,-0.625469
4.117e-02,23.625,-0.606094
4.120e-02,24.5156,-0.589063
4.123e-02,24.8203,-0.565937
4.126e-02,24.9453,-0.547031
4.130e-02,25.0625,-0.526406
4.133e-02,25.9297,-0.512813
4.136e-02,26.2812,-0.491563
4.139e-02,26.7734,-0.472813
4.142e-02,26.8359,-0.442656
4.146e-02,27.3437,-0.43
4.149e-02,27.5781,-0.403281
4.152e-02,28.25,-0.391094
4.155e-02,28.6406,-0.367969
4.158e-02,28.9844,-0.344375
4.162e-02,28.9453,-0.325469
4.165e-02,29.0625,-0.312344
4.168e-02,29.3984,-0.286719
4.171e-02,29.5937,-0.269531
4.174e-02,30.3203,-0.241094
4.178e-02,30.6484,-0.226875
4.181e-02,30.8594,-0.200625
4.184e-02,30.9375,-0.180313
4.187e-02,30.8437,-0.145
4.190e-02,31.0625,-0.130312
4.194e-02,31.0625,-0.106875
4.197e-02,31.1328,-0.0870313
4.200e-02,31.3203,-0.0640625
4.203e-02,31.5625,-0.0434375
4.206e-02,32.0781,-0.0109375
4.210e-02,32.5391,0.00703125
4.213e-02,32.7187,0.0396875
4.216e-02,32.9297,0.0589063
4.219e-02,32.9453,0.086875
4.222e-02,33.1797,0.109531
4.226e-02,33.0625,0.135
4.229e-02,33.2031,0.161719
4.232e-02,33.3281,0.182344
4.235e-02,33.625,0.205937
4.238e-02,34.3984,0.230938
4.242e-02,34.6484,0.263281
4.245e-02,34.8516,0.282656
4.248e-02,34.9453,0.310781
4.251e-02,35.0625,0.333594
4.254e-02,35.3281,0.356875
4.258e-02,35.4687,0.380312
4.261e-02,36.0234,0.400938
4.264e-02,36.2734,0.428438
4.267e-02,36.5078,0.44375
4.270e-02,36.8984,0.470469
4.274e-02,37.0625,0.491875
4.277e-02,37.1719,0.515
4.280e-02,37.3672,0.545
4.283e-02,37.7266,0.568125
4.286e-02,38.3437,0.596875
4.290e-02,38.8672,0.623437
4.293e-02,38.9453,0.641719
4.296e-02,39.0625,0.67
4.299e-02,39.0625,0.691406
4.302e-02,39.6016,0.719688
4.306e-02,40.0234,0.746719
4.309e-02,39.9141,0.767031
4.312e-02,40.8828,0.790781
4.315e-02,40.875,0.813906
4.318e-02,41.2344,0.844375
4.322e-02,42.0547,0.859063
4.325e-02,42.3672,0.885313
4.328e-02,42.8125,0.909375
4.331e-02,42.9453,0.93625
4.334e-02,43.0937,0.95375
4.338e-02,43.6719,0.97375
4.341e-02,44.2734,0.997188
4.344e-02,44.875,1.02563
4.347e-02,45.0625,1.04953
4.350e-02,45.3437,1.07656
4.354e-02,46.3281,1.09609
4.357e-02,46.5781,1.12344
4.360e-02,46.9453,1.14781
4.363e-02,47.0703,1.165
4.366e-02,47.4062,1.18938
4.370e-02,48.4297,1.22281
4.373e-02,48.9453,1.24016
4.376e-02,49.0625,1.26781
4.379e-02,49.4609,1.27687
4.382e-02,50.4141,1.30656
4.386e-02,51.0625,1.32125
4.389e-02,51.0625,1.34781
4.392e-02,51.4453,1.36328
4.395e-02,52.6641,1.38469
4.398e-02,53.0625,1.40609
4.402e-02,53.1172,1.42797
4.405e-02,54.125,1.45266
4.408e-02,54.7734,1.47
4.411e-02,55.1875,1.48234
4.414e-02,55.5234,1.50734
4.418e-02,56.6406,1.52625
4.421e-02,56.9844,1.54984
4.424e-02,57.4609,1.56125
4.427e-02,58.9453,1.58672
4.430e-02,59.1094,1.60578
4.434e-02,59.875,1.62484
4.437e-02,60.8516,1.64156
4.440e-02,61.1953,1.66437
4.443e-02,62.6172,1.67922
4.446e-02,63.2578,1.70422
4.450e-02,64.1797,1.71687
4.453e-02,65.2031,1.73313
4.456e-02,66.6172,1.75609
4.459e-02,67.2734,1.77453
4.462e-02,68.7109,1.78969
4.466e-02,69.5,1.80516
4.469e-02,70.8359,1.81906
4.472e-02,72.2031,1.83953
4.475e-02,73.3516,1.85328
4.478e-02,74.7031,1.87672
4.482e-02,75.7656,1.88312
4.485e-02,77.1094,1.90109
4.488e-02,78.4766,1.92125
4.491e-02,79.75,1.93203
4.494e-02,81.0937,1.94047
4.498e-02,82.6641,1.96078
4.501e-02,83.8672,1.96813
4.504e-02,85.3437,1.99156
4.507e-02,86.9844,1.99984
4.510e-02,88.3125,2.00703
4.514e-02,89.4844,2.02016
4.517e-02,90.9453,2.03531
4.520e-02,92.1562,2.04422
4.523e-02,93.3203,2.05656
4.526e-02,94.9453,2.06797
4.530e-02,96.1797,2.07891
4.533e-02,97.625,2.08125
4.536e-02,98.875,2.09219
4.539e-02,100.211,2.11016
4.542e-02,101.187,2.11703
4.546e-02,102.836,2.12906
4.549e-02,103.789,2.13563
4.552e-02,105.187,2.14125
4.555e-02,105.508,2.14953
4.558e-02,106.687,2.15156
4.562e-02,107.32,2.14891
4.565e-02,108.133,2.15859
4.568e-02,109.062,2.15672
4.571e-02,109.516,2.15891
4.574e-02,110.625,2.16375
4.578e-02,110.961,2.16406
4.581e-02,112.023,2.16547
4.584e-02,112.289,2.16766
4.587e-02,112.93,2.16594
4.590e-02,112.836,2.16484
4.594e-02,113.242,2.17063
4.597e-02,113.25,2.17109
4.600e-02,113.797,2.17141
4.603e-02,114.609,2.17
4.606e-02,114.398,2.17406
4.610e-02,114.805,2.16859
4.613e-02,114.945,2.16469
4.616e-02,114.828,2.16828
4.619e-02,114.945,2.16562
4.622e-02,114.844,2.15938
4.626e-02,115.187,2.16125
4.629e-02,114.945,2.16125
4.632e-02,114.906,2.15953
4.635e-02,114.945,2.15219
4.638e-02,114.687,2.15766
4.642e-02,114.336,2.15391
4.645e-02,114.094,2.15172
4.648e-02,113.531,2.14891
4.651e-02,113.523,2.14078
4.654e-02,112.945,2.14406
4.658e-02,112.727,2.14109
4.661e-02,112.406,2.12906
4.664e-02,111.336,2.12484
4.667e-02,110.633,2.12625
4.670e-02,109.781,2.11781
4.674e-02,108.836,2.11656
4.677e-02,107.828,2.11078
4.680e-02,107.008,2.10828
4.683e-02,106.469,2.095
4.686e-02,105.344,2.09547
4.690e-02,104.492,2.08828
4.693e-02,103.469,2.08125
4.696e-02,102.602,2.0775
4.699e-02,101.133,2.07797
4.702e-02,100.727,2.07063
4.706e-02,99.3906,2.05547
4.709e-02,98.8203,2.05219
4.712e-02,97.4375,2.04813
4.715e-02,96.7656,2.03719
4.718e-02,95.5781,2.03656
4.722e-02,94.6641,2.03094
4.725e-02,93.3281,2.01891
4.728e-02,92.5,2.01734
4.731e-02,91.2109,2.00406
4.734e-02,90.7656,2.0025
4.738e-02,89.6094,1.99687
4.741e-02,88.5156,1.99422
4.744e-02,87.5469,1.9925
4.747e-02,86.4687,1.98578
4.750e-02,85.1797,1.97516
4.754e-02,84.4375,1.96484
4.757e-02,83.1406,1.96609
4.760e-02,82,1.95641
4.763e-02,81.0625,1.95078
4.766e-02,80,1.94
4.770e-02,78.9453,1.935
4.773e-02,77.5859,1.92859
4.776e-02,76.5312,1.91641
4.779e-02,75.2344,1.91875
4.782e-02,74.2109,1.90703
4.786e-02,72.7812,1.90078
4.789e-02,71.5469,1.89344
4.792e-02,69.9375,1.88328
4.795e-02,68.4219,1.87922
4.798e-02,67.4766,1.8675
4.802e-02,65.7656,1.86375
4.805e-02,64.4453,1.85219
4.808e-02,63.1797,1.84828
4.811e-02,61.7734,1.83547
4.814e-02,60.4062,1.82031
4.818e-02,59.3672,1.82188
4.821e-02,57.9297,1.80422
4.824e-02,56.3828,1.80328
4.827e-02,55.3281,1.79438
4.830e-02,53.7109,1.78422
4.834e-02,52.2812,1.7725
4.837e-02,51.3047,1.75438
4.840e-02,49.7734,1.7575
4.843e-02,48.5078,1.73359
4.846e-02,47.2656,1.72797
4.850e-02,45.7422,1.72469
4.853e-02,44.2891,1.70875
4.856e-02,43.1875,1.70094
4.859e-02,41.7734,1.69078
4.862e-02,40.3359,1.68375
4.866e-02,39.5,1.66625
4.869e-02,38.2734,1.66469
4.872e-02,37.3906,1.65063
4.875e-02,36.3281,1.64125
4.878e-02,34.8906,1.63891
4.882e-02,34,1.615
4.885e-02,33.1328,1.60875
4.888e-02,31.8359,1.60344
4.891e-02,30.9453,1.58781
4.894e-02,29.6328,1.57797
4.898e-02,28.7812,1.56969
4.901e-02,27.6406,1.55125
4.904e-02,26.375,1.55422
4.907e-02,25.2969,1.53219
4.910e-02,23.9297,1.525
4.914e-02,23.0156,1.5175
4.917e-02,21.7031,1.50609
4.920e-02,20.6953,1.49766
4.923e-02,19.7422,1.48078
4.926e-02,18.625,1.46953
4.930e-02,17.4297,1.45797
4.933e-02,16.4062,1.45016
4.936e-02,15.2656,1.44125
4.939e-02,14.5312,1.43219
4.942e-02,13.2891,1.4125
4.946e-02,12.6094,1.39891
4.949e-02,11.4375,1.39266
4.952e-02,10.9453,1.37438
4.955e-02,9.55469,1.36922
4.958e-02,8.94531,1.35891
4.962e-02,7.85156,1.34719
4.965e-02,7.0625,1.32953
4.968e-02,6.4375,1.32172
4.971e-02,5.51562,1.31547
4.974e-02,4.97656,1.28734
4.978e-02,4.39844,1.28047
4.981e-02,3.21094,1.26891
4.984e-02,2.90625,1.25359
4.987e-02,1.61719,1.23875
4.990e-02,1.03906,1.22953
4.994e-02,0.398437,1.21656

